file,true_class,pred_class,slope_dB_per_km,channel_halfwidth_dB,noise_dB,valid_length_m,valid_fraction,step_drop_dB,step_location_m,end_reflect_dB,n_anom_below,n_anom_above
class1_2026_04_27_14_36_42.csv,1,3,-4.63258827069488,0.17099972549008846,0.06839989019603539,63.8,0.425,0.27,20.4,0.02,7,12
class1_2026_04_27_14_36_49.csv,1,3,-5.131277749612129,0.18508322100946323,0.07403328840378529,60.9,0.406,0.26,20.4,-0.02,6,9
class1_2026_04_27_14_36_54.csv,1,3,-4.663133701825396,0.17726538732249733,0.07090615492899893,63.2,0.421,0.44,20.1,0.01,8,5
class1_2026_04_27_14_37_00.csv,1,3,-4.986766959186523,0.18595591808713274,0.0743823672348531,61.9,0.413,0.19,20.1,0.07,6,9
class1_2026_04_27_14_37_06.csv,1,3,-4.5840262675366015,0.20884344122329718,0.08353737648931887,63.5,0.423,0.29,20.1,0.05,5,2
class1_2026_04_27_14_37_11.csv,1,3,-5.253345154448462,0.2084503635647601,0.08338014542590404,60.3,0.402,0.36,20.4,-0.03,8,2
class1_2026_04_27_14_37_17.csv,1,3,-4.169278401428365,0.1757344416703296,0.07029377666813183,63.5,0.423,0.34,20.1,-0.02,8,8
class1_2026_04_27_14_37_22.csv,1,3,-4.669024524051359,0.202168678656468,0.0808674714625872,64.8,0.432,0.31,20.7,-0.02,8,2
class1_2026_04_27_14_37_28.csv,1,3,-4.7065158858373275,0.15625498487479816,0.06250199394991926,63.5,0.423,0.29,20.4,0.01,9,8
class1_2026_04_27_14_37_34.csv,1,3,-4.213863512275816,0.17587513776058594,0.07035005510423438,63.8,0.425,0.23,19.8,0.05,8,4
class1_2026_04_27_14_37_39.csv,1,3,-4.575798414141122,0.16098650050983765,0.06439460020393506,66.0,0.44,0.27,20.7,0.04,7,4
class1_2026_04_27_14_37_46.csv,1,3,-4.133819195029552,0.19283124395916826,0.0771324975836673,64.1,0.428,0.27,20.7,0.03,7,6
class1_2026_04_27_14_37_52.csv,1,3,-4.363780174402319,0.20431110057181928,0.08172444022872771,65.4,0.436,0.24,20.4,0.01,7,2
class1_2026_04_27_14_38_03.csv,1,3,-3.7108376046054254,0.20250660419435865,0.08100264167774346,48.2,0.321,0.15,39.6,0.06,0,0
class1_2026_04_27_14_38_09.csv,1,3,-3.9564027792248044,0.195459947440246,0.0781839789760984,66.4,0.442,0.3,20.1,-0.0,7,4
class1_2026_04_27_14_38_15.csv,1,3,-4.12984280190021,0.18871429719486302,0.07548571887794521,66.4,0.442,0.23,20.1,-0.03,8,1
class1_2026_04_27_14_38_20.csv,1,3,-4.741704664030531,0.16191861546805023,0.06476744618722009,63.8,0.425,0.39,20.1,-0.08,7,8
class1_2026_04_27_14_38_26.csv,1,3,-4.314264156783857,0.16376475186157008,0.06550590074462803,64.5,0.43,0.32,20.1,-0.01,7,9
class1_2026_04_27_14_38_31.csv,1,3,-4.837613475959397,0.20004221625017732,0.08001688650007092,65.4,0.436,0.37,20.1,0.01,7,4
class1_2026_04_27_14_38_38.csv,1,3,-5.002949878940646,0.18327193079050633,0.07330877231620253,65.1,0.434,0.27,20.1,0.04,7,2
class1_2026_04_27_14_38_57.csv,1,3,-3.9351606627095013,0.15845351798022045,0.06338140719208818,65.1,0.434,0.38,21.1,-0.02,8,6
class1_2026_04_27_14_39_05.csv,1,3,-4.831778141842919,0.20570912441040856,0.08228364976416343,60.9,0.406,0.34,20.1,-0.06,9,2
class1_2026_04_27_14_39_11.csv,1,3,-4.238123398383633,0.22227858100384437,0.08891143240153775,63.2,0.421,0.52,20.1,0.01,7,3
class1_2026_04_27_14_39_17.csv,1,3,-5.875371911877787,0.1752541007536807,0.07010164030147228,50.4,0.336,0.12,69.2,0.02,0,2
class1_2026_04_27_14_39_22.csv,1,3,-4.239776115419577,0.21723995190864115,0.08689598076345646,61.9,0.413,0.3,20.1,0.02,7,2
class1_2026_04_27_14_39_28.csv,1,3,-4.3309828501784216,0.15694911847348914,0.06277964738939565,46.6,0.311,0.19,67.0,0.05,4,1
class1_2026_04_27_14_39_34.csv,1,3,-4.321548614206269,0.1891666709205233,0.07566666836820932,64.1,0.428,0.28,20.1,-0.05,7,6
class1_2026_04_27_14_43_57.csv,1,3,-5.210736285869656,0.19597207390694887,0.07838882956277955,63.8,0.425,0.24,20.1,-0.0,4,2
class1_2026_04_27_14_44_55.csv,1,3,-5.127291269234256,0.16518072902933073,0.0660722916117323,65.4,0.436,0.42,20.7,-0.03,8,3
class1_2026_04_27_14_45_04.csv,1,3,-5.127291269234256,0.16518072902933073,0.0660722916117323,65.4,0.436,0.42,20.7,-0.03,8,3
class1_2026_04_27_14_45_10.csv,1,3,-5.127291269234256,0.16518072902933073,0.0660722916117323,65.4,0.436,0.42,20.7,-0.03,8,3
class1_2026_04_27_14_45_19.csv,1,3,-5.127291269234256,0.16518072902933073,0.0660722916117323,65.4,0.436,0.42,20.7,-0.03,8,3
class1_2026_04_27_14_45_26.csv,1,3,-5.127291269234256,0.16518072902933073,0.0660722916117323,65.4,0.436,0.42,20.7,-0.03,8,3
class1_2026_04_27_14_45_33.csv,1,3,-5.127291269234256,0.16518072902933073,0.0660722916117323,65.4,0.436,0.42,20.7,-0.03,8,3
class1_2026_04_27_14_45_40.csv,1,3,-5.127291269234256,0.16518072902933073,0.0660722916117323,65.4,0.436,0.42,20.7,-0.03,8,3
class1_2026_04_27_14_45_49.csv,1,3,-5.127291269234256,0.16518072902933073,0.0660722916117323,65.4,0.436,0.42,20.7,-0.03,8,3
class1_2026_04_27_14_46_10.csv,1,3,-4.791424519655521,0.17604283542649768,0.07041713417059907,66.4,0.442,0.45,20.4,0.08,7,3
class1_2026_04_27_14_46_27.csv,1,3,-5.2563726444993275,0.16170453326125478,0.06468181330450191,66.4,0.442,0.38,20.4,-0.02,7,3
class1_2026_04_27_14_46_34.csv,1,3,-4.599975991167039,0.15693343464434809,0.06277337385773923,65.1,0.434,0.43,20.4,-0.02,7,5
class1_2026_04_27_14_46_41.csv,1,3,-5.0188029697881085,0.20266960599220846,0.08106784239688339,66.4,0.442,0.36,20.1,0.05,6,1
class1_2026_04_27_14_46_48.csv,1,3,-4.539068410245369,0.19358775090592228,0.07743510036236892,63.5,0.423,0.38,20.4,0.01,8,3
class1_2026_04_27_14_46_55.csv,1,3,-4.885134664557435,0.1957151618066324,0.07828606472265295,61.9,0.413,0.41,20.4,-0.0,7,5
class1_2026_04_27_14_47_01.csv,1,3,-5.9649830844441265,0.1915787035469367,0.07663148141877468,63.8,0.425,0.41,20.7,0.05,7,3
class1_2026_04_27_14_47_07.csv,1,3,-5.588661719593982,0.16185315444940984,0.06474126177976394,65.4,0.436,0.36,20.4,-0.01,7,1
class1_2026_04_27_14_47_13.csv,1,3,-5.258964143426307,0.22083081134462268,0.08833232453784907,66.0,0.44,0.33,20.1,-0.02,7,2
class1_2026_04_27_14_47_19.csv,1,3,-5.056196377112682,0.23079893946453514,0.09231957578581405,62.5,0.417,0.3,20.1,0.03,6,1
class1_2026_04_27_14_47_25.csv,1,3,-6.281573170409156,0.16425523272296308,0.06570209308918523,53.0,0.353,0.19,30.3,-0.02,0,2
class1_2026_04_27_14_47_31.csv,1,3,-4.8593100344100755,0.2164533102952076,0.08658132411808303,63.8,0.425,0.34,20.4,0.02,5,1
class1_2026_04_27_14_47_36.csv,1,3,-4.787847524121419,0.20318036444378568,0.08127214577751427,65.1,0.434,0.38,20.1,-0.06,5,0
class1_2026_04_27_14_47_43.csv,1,3,-4.847146499391437,0.20722280780267394,0.08288912312106958,65.1,0.434,0.37,20.4,0.03,7,3
class1_2026_04_27_14_47_50.csv,1,3,-5.506638070086262,0.16797356599821817,0.06718942639928727,63.8,0.425,0.34,20.7,-0.1,6,8
class1_2026_04_27_14_47_57.csv,1,3,-4.872186012111119,0.20002630455242265,0.08001052182096906,64.5,0.43,0.3,20.1,-0.06,7,2
class1_2026_04_27_14_48_13.csv,1,3,-4.358727429460506,0.16792593978202625,0.0671703759128105,63.8,0.425,0.38,20.4,-0.03,7,6
class1_2026_04_27_14_48_20.csv,1,3,-4.498598185636454,0.2187916072682995,0.0875166429073198,63.8,0.425,0.34,20.4,-0.0,5,1
class1_2026_04_27_14_48_26.csv,1,3,-4.619871344531598,0.2217909696069673,0.08871638784278692,66.4,0.442,0.34,20.1,-0.02,5,0
class1_2026_04_27_14_48_32.csv,1,3,-4.9230064686014945,0.22834694569938385,0.09133877827975354,66.4,0.442,0.37,20.1,0.05,6,0
class1_2026_04_27_14_48_38.csv,1,3,-4.258456666601903,0.2225936610668126,0.08903746442672504,66.4,0.442,0.31,20.1,-0.03,5,2
class1_2026_04_27_14_48_45.csv,1,3,-4.862821182498863,0.20845165222763834,0.08338066089105534,63.5,0.423,0.4,20.1,-0.03,7,1
class1_2026_04_27_14_48_51.csv,1,3,-5.538420720989672,0.19127792201049962,0.07651116880419985,53.0,0.353,0.19,38.9,-0.05,0,0
class1_2026_04_27_14_48_58.csv,1,3,-5.561931667696668,0.15053161219365493,0.060212644877461974,51.7,0.345,0.16,38.0,0.02,1,1
class1_2026_04_27_14_49_08.csv,1,3,-5.350302339569868,0.18770811290933748,0.07508324516373499,64.5,0.43,0.33,20.1,0.01,7,1
class1_2026_04_27_14_49_15.csv,1,3,-4.788333879730576,0.20859580458045185,0.08343832183218074,65.4,0.436,0.49,20.1,0.03,8,1
class1_2026_04_27_14_49_22.csv,1,3,-5.557644895741815,0.1991667223821818,0.07966668895287272,62.2,0.415,0.35,20.1,-0.0,5,1
class1_2026_04_27_14_49_30.csv,1,3,-4.92183980935846,0.17906476721718778,0.07162590688687512,60.0,0.4,0.35,20.4,-0.04,6,2
class1_2026_04_27_14_49_38.csv,1,3,-5.14606306829174,0.17701545830383192,0.07080618332153277,53.0,0.353,0.16,31.6,0.01,6,3
class1_2026_04_27_14_49_44.csv,1,3,-4.583336403279738,0.1644861672281371,0.06579446689125484,63.8,0.425,0.37,20.1,-0.0,10,5
class1_2026_04_27_14_49_51.csv,1,3,-5.25293546393572,0.14436962820628108,0.057747851282512426,42.8,0.285,0.12,66.0,-0.04,1,0
class1_2026_04_27_14_49_57.csv,1,3,-5.298112081188016,0.18228949488862867,0.07291579795545147,60.6,0.404,0.3,20.1,0.01,7,2
class1_2026_04_27_14_50_03.csv,1,3,-5.141484316275548,0.17545112172417338,0.07018044868966936,65.4,0.436,0.4,20.4,-0.08,6,3
class1_2026_04_27_14_50_09.csv,1,3,-4.819551176537639,0.21110054290324393,0.08444021716129757,51.4,0.342,0.18,30.3,0.03,0,0
class1_2026_04_27_14_50_14.csv,1,3,-2.6197434342222823,0.2057241031190825,0.08228964124763301,44.7,0.298,0.18,65.1,0.03,0,0
class1_2026_04_27_14_50_20.csv,1,3,-5.064187693669913,0.1978002381441029,0.07912009525764116,53.3,0.355,0.21,65.4,-0.03,0,2
class1_2026_04_27_14_50_26.csv,1,3,-4.777454245776659,0.22742339414892257,0.09096935765956903,62.5,0.417,0.37,20.1,-0.01,4,1
class1_2026_04_27_14_50_32.csv,1,3,-4.449732532381451,0.199419236132724,0.0797676944530896,65.7,0.438,0.43,20.4,-0.01,7,3
class1_2026_04_27_14_50_38.csv,1,3,-5.674005435805706,0.2532882577198151,0.10131530308792604,52.6,0.351,0.27,66.4,-0.06,0,0
class1_2026_04_27_14_50_47.csv,1,3,-4.6008452198052705,0.17436895271075292,0.06974758108430117,63.8,0.425,0.26,20.1,-0.05,6,9
class1_2026_04_27_14_50_55.csv,1,3,-5.1572011695122155,0.2185959641146918,0.08743838564587672,60.0,0.4,0.28,20.4,-0.01,5,3
class1_2026_04_27_14_51_03.csv,1,3,-3.174345241978693,0.17182035495910467,0.06872814198364187,43.7,0.291,0.15,70.8,0.01,5,2
class1_2026_04_27_14_51_12.csv,1,3,-4.902163381186943,0.2098014196833238,0.08392056787332952,61.3,0.408,0.24,20.7,-0.08,4,0
class1_2026_04_27_14_51_19.csv,1,3,-6.013607628843957,0.1796139176498726,0.07184556705994904,50.4,0.336,0.15,35.7,-0.03,0,1
class1_2026_04_27_14_51_26.csv,1,3,-5.136240968050615,0.24375456922755145,0.09750182769102059,62.2,0.415,0.3,20.1,-0.08,5,0
class1_2026_04_27_14_51_34.csv,1,3,-4.846891599252867,0.1926753759589111,0.07707015038356443,65.4,0.436,0.36,20.7,-0.0,7,2
class1_2026_04_27_14_51_42.csv,1,3,-5.195538613581998,0.2273416311319385,0.09093665245277541,63.2,0.421,0.33,20.1,-0.09,5,1
class1_2026_04_27_14_51_49.csv,1,3,-4.662213839398145,0.18171163550532943,0.07268465420213177,65.4,0.436,0.31,20.7,-0.03,7,2
class1_2026_04_27_14_52_12.csv,1,3,-4.781906300484759,0.21128263794428714,0.08451305517771486,62.2,0.415,0.3,20.1,-0.08,5,1
class1_2026_04_27_14_52_19.csv,1,3,-5.59242871189753,0.1738741907835626,0.06954967631342504,53.0,0.353,0.14,65.4,-0.06,0,1
class1_2026_04_27_14_52_26.csv,1,3,-4.327509427144138,0.2169209750786073,0.08676839003144292,61.3,0.408,0.3,20.7,-0.06,5,0
class1_2026_04_27_14_52_32.csv,1,3,-4.3855235448017,0.2334886958684702,0.09339547834738808,63.8,0.425,0.32,20.4,-0.04,6,2
class1_2026_04_27_14_52_40.csv,1,3,-4.907684460298779,0.18412192743296907,0.07364877097318763,66.4,0.442,0.29,20.1,-0.11,6,0
class1_2026_04_27_14_52_47.csv,1,3,-4.608977630447475,0.20062367772507683,0.08024947109003074,66.4,0.442,0.34,20.4,-0.09,8,3
class1_2026_04_27_14_52_54.csv,1,3,-4.582262388414422,0.20782083407283966,0.08312833362913587,63.5,0.423,0.34,20.4,-0.03,7,0
class1_2026_04_27_14_53_20.csv,1,3,-5.8862511207266275,0.1647528655277088,0.06590114621108352,53.0,0.353,0.19,66.4,-0.08,1,1
class1_2026_04_27_14_53_29.csv,1,3,-4.77576300276106,0.18726523811674434,0.07490609524669774,54.2,0.362,0.22,30.3,0.02,5,1
class1_2026_04_27_14_53_36.csv,1,3,-4.907408891627865,0.16876456974531007,0.06750582789812402,66.7,0.445,0.27,20.4,-0.05,8,2
class1_2026_04_27_14_53_42.csv,1,3,-4.345918390564481,0.2051925939061043,0.08207703756244172,65.4,0.436,0.34,20.4,-0.02,6,0
class1_2026_04_27_14_53_48.csv,1,3,-4.954033846992202,0.1996592905042785,0.0798637162017114,66.4,0.442,0.21,20.1,-0.08,6,2
class1_2026_04_27_14_53_56.csv,1,3,-4.3123186658386174,0.18977429977389254,0.07590971990955701,62.9,0.419,0.27,21.1,-0.07,7,1
class1_2026_04_27_14_54_03.csv,1,3,-4.689603937409957,0.24059998864011867,0.09623999545604747,65.7,0.438,0.26,20.4,-0.05,5,0
class1_2026_04_27_14_54_10.csv,1,3,-4.875217643644854,0.28004934620283606,0.11201973848113442,36.7,0.245,0.17,67.3,0.0,0,0
class1_2026_04_27_14_54_16.csv,1,3,-4.244939432917872,0.18809457733716242,0.07523783093486497,62.5,0.417,0.22,19.8,-0.04,4,1
class1_2026_04_27_14_54_22.csv,1,3,-3.347472176028192,0.15996027058531717,0.06398410823412687,45.0,0.3,0.17,38.0,0.04,3,0
class1_2026_04_27_14_54_30.csv,1,3,-4.5895116124111155,0.19528882239063242,0.07811552895625297,65.4,0.436,0.26,20.4,-0.04,4,0
class1_2026_04_27_14_54_38.csv,1,3,-4.0578393519569556,0.19842158310413596,0.07936863324165438,63.2,0.421,0.23,20.4,-0.07,4,0
class1_2026_04_27_14_54_45.csv,1,3,-5.503410458482158,0.18947208256997194,0.07578883302798878,65.4,0.436,0.37,20.4,-0.02,8,1
class1_2026_04_27_14_54_53.csv,1,3,-4.271718438036892,0.1786269024860706,0.07145076099442824,49.5,0.33,0.16,68.3,0.01,2,1
class1_2026_04_27_14_54_59.csv,1,3,-4.813847493214511,0.1979952837259966,0.07919811349039864,66.0,0.44,0.28,19.8,-0.05,7,0
class1_2026_04_27_14_55_05.csv,1,3,-4.993813302511006,0.1854061123101698,0.07416244492406791,53.0,0.353,0.15,42.1,0.02,4,0
class1_2026_04_27_14_55_11.csv,1,3,-4.178841663412893,0.18656249673906236,0.07462499869562494,64.1,0.428,0.23,20.1,-0.03,5,0
class1_2026_04_27_14_55_18.csv,1,3,-5.664010874900895,0.14465184611665582,0.05786073844666233,53.3,0.355,0.14,66.7,-0.01,5,4
class1_2026_04_27_14_55_27.csv,1,3,-5.023194383549061,0.16650802913158497,0.06660321165263398,63.5,0.423,0.26,20.1,-0.08,7,2
class1_2026_04_27_14_55_34.csv,1,3,-4.510555030429608,0.19525789759228573,0.0781031590369143,64.5,0.43,0.3,20.4,-0.0,6,3
class1_2026_04_27_14_55_42.csv,1,3,-4.509816090527316,0.2128771202310219,0.08515084809240876,62.9,0.419,0.3,20.1,-0.05,5,0
class1_2026_04_27_14_55_50.csv,1,3,-4.527030464750066,0.23021278985604135,0.09208511594241654,66.7,0.445,0.38,20.4,0.03,5,1
class1_2026_04_27_14_55_56.csv,1,3,-4.658001290444881,0.22024718327443046,0.08809887330977219,65.4,0.436,0.22,20.4,-0.09,8,1
class1_2026_04_27_14_56_01.csv,1,3,-5.162808872682529,0.2123003761041486,0.08492015044165943,62.5,0.417,0.23,20.1,-0.08,4,0
class1_2026_04_27_14_56_11.csv,1,3,-5.03371640231732,0.1702825641155248,0.06811302564620993,38.9,0.26,0.11,67.6,-0.06,2,0
class1_2026_04_27_14_56_21.csv,1,3,-2.9381998628839447,0.1857021343272257,0.07428085373089029,41.8,0.279,0.16,69.9,0.11,2,0
class1_2026_04_27_14_56_28.csv,1,3,-5.4514027389975075,0.21801326715895497,0.087205306863582,53.3,0.355,0.14,30.3,0.1,0,1
class1_2026_04_27_14_56_35.csv,1,3,-4.708383161045282,0.15422697979643266,0.06169079191857307,65.4,0.436,0.26,20.1,0.0,9,1
class1_2026_04_27_14_56_43.csv,1,3,-4.512599265167166,0.20166417401854628,0.08066566960741851,65.4,0.436,0.27,20.4,0.02,9,0
class1_2026_04_27_14_56_52.csv,1,3,-4.001770694997772,0.2540800360458171,0.10163201441832682,50.7,0.338,0.22,29.7,0.01,0,0
class1_2026_04_27_14_57_21.csv,1,3,-5.444054670577199,0.21586105038947115,0.08634442015578846,51.7,0.345,0.21,73.4,0.07,0,0
class1_2026_04_27_14_57_29.csv,1,3,-4.255087604744784,0.1980532541895259,0.07922130167581036,65.7,0.438,0.25,66.7,-0.04,7,2
class1_2026_04_27_14_57_36.csv,1,3,-4.848076472358993,0.2164351339265556,0.08657405357062224,66.4,0.442,0.2,20.1,-0.09,3,2
class1_2026_04_27_14_57_42.csv,1,3,-4.291146421329924,0.18753553510906318,0.07501421404362527,63.2,0.421,0.26,20.4,0.01,6,3
class1_2026_04_27_14_57_48.csv,1,3,-4.321244139031375,0.22231501587386354,0.08892600634954542,66.4,0.442,0.26,20.1,-0.01,6,0
class1_2026_04_27_14_57_54.csv,1,3,-5.116010123154199,0.21372256845183205,0.08548902738073282,53.6,0.357,0.14,67.0,0.0,0,2
class1_2026_04_27_14_58_00.csv,1,3,-3.2963681350192937,0.18261353163755503,0.07304541265502201,49.8,0.332,0.19,30.6,0.01,1,5
class1_2026_04_27_14_58_09.csv,1,3,-4.846938775510235,0.20261711723215,0.08104684689286,54.2,0.362,0.2,37.3,-0.01,0,0
class1_2026_04_27_14_58_15.csv,1,3,-3.749104848561441,0.2263714570684333,0.09054858282737333,64.5,0.43,0.23,67.6,-0.07,4,0
class1_2026_04_27_14_58_21.csv,1,3,-3.9818647742952176,0.24739970805883993,0.09895988322353597,63.2,0.421,0.2,31.9,-0.03,3,0
class1_2026_04_27_14_58_27.csv,1,3,-4.17526307230546,0.22585218885921698,0.09034087554368679,65.4,0.436,0.22,20.7,-0.02,4,0
class1_2026_04_27_14_58_33.csv,1,3,-3.958840625489638,0.21120573360899236,0.08448229344359695,65.4,0.436,0.19,20.4,0.02,2,1
class1_2026_04_27_14_58_39.csv,1,3,-3.917596163117058,0.17529313814610328,0.07011725525844131,63.8,0.425,0.19,20.7,-0.05,6,3
class1_2026_04_27_14_58_46.csv,1,3,-4.5343913579836235,0.1718414393852828,0.06873657575411311,35.4,0.236,0.21,68.6,-0.05,0,0
class1_2026_04_27_14_58_53.csv,1,3,-4.047891714310964,0.22783195556808905,0.09113278222723561,65.4,0.436,0.27,20.4,-0.09,4,1
class1_2026_04_27_14_58_59.csv,1,3,-2.971044627189723,0.2230058393709829,0.08920233574839316,62.9,0.419,0.22,20.7,0.04,3,5
class1_2026_04_27_14_59_05.csv,1,3,-3.729729709494297,0.2050460514658564,0.08201842058634255,66.4,0.442,0.19,20.7,-0.01,4,4
class1_2026_04_27_14_59_45.csv,1,3,-3.1338411376019506,0.17295516067618869,0.06918206427047548,43.4,0.289,0.17,66.4,-0.0,3,0
class1_2026_04_27_14_59_52.csv,1,3,-3.242493963004392,0.21270885164666908,0.08508354065866763,65.1,0.434,0.16,31.9,0.0,0,2
class1_2026_04_27_15_00_00.csv,1,3,-3.2630424969367993,0.18634337574434043,0.07453735029773617,62.2,0.415,0.18,20.7,0.08,4,3
class1_2026_04_27_15_00_07.csv,1,3,-3.7214141166201893,0.1882487372569415,0.0752994949027766,65.4,0.436,0.25,20.7,-0.03,4,8
class1_2026_04_27_15_00_15.csv,1,3,-3.313148502185557,0.22819117317734994,0.09127646927093998,65.1,0.434,0.26,30.9,-0.02,3,0
class1_2026_04_27_15_00_20.csv,1,3,-3.351027360939851,0.20530943790387948,0.0821237751615518,62.5,0.417,0.24,20.4,0.07,3,5
class1_2026_04_27_15_00_27.csv,1,3,-3.7118819795648865,0.18019455479480126,0.0720778219179205,64.5,0.43,0.19,30.9,0.05,4,4
class1_2026_04_27_15_00_40.csv,1,3,-3.482197266474995,0.18532500249999606,0.07413000099999842,41.5,0.277,0.11,67.0,0.06,0,0
class1_2026_04_27_15_01_04.csv,1,3,-4.132927519110853,0.1507266387320248,0.060290655492809916,65.1,0.434,0.25,20.4,-0.05,6,6
class1_2026_04_27_15_01_14.csv,1,3,-3.656390166354389,0.1519642928679144,0.06078571714716576,45.3,0.302,0.11,36.4,0.04,1,4
class1_2026_04_27_15_01_31.csv,1,3,-4.170068564706339,0.18155400880778455,0.07262160352311382,64.8,0.432,0.24,20.4,0.01,7,4
class1_2026_04_27_15_01_38.csv,1,3,-4.583855996278341,0.21675875464746824,0.0867035018589873,61.3,0.408,0.29,21.1,0.01,7,2
class1_2026_04_27_15_01_43.csv,1,3,-5.255326558394454,0.2230621407847399,0.08922485631389596,64.5,0.43,0.31,20.4,-0.03,6,0
class1_2026_04_27_15_01_49.csv,1,3,-3.837863992258293,0.21636176355172648,0.08654470542069059,47.9,0.319,0.19,45.6,-0.07,0,0
class1_2026_04_27_15_01_55.csv,1,3,-5.115214108247665,0.18691107344314697,0.07476442937725879,64.5,0.43,0.34,20.4,-0.04,6,0
class1_2026_04_27_15_02_01.csv,1,3,-4.436665581243857,0.2221205540711506,0.08884822162846025,63.2,0.421,0.33,20.1,-0.02,5,0
class1_2026_04_27_15_02_09.csv,1,3,-5.106173187308568,0.21905608426040046,0.08762243370416019,51.7,0.345,0.18,30.3,0.03,0,0
class1_2026_04_27_15_02_15.csv,1,3,-5.0448008433099885,0.19795489915688094,0.07918195966275238,65.7,0.438,0.35,20.4,-0.01,6,2
class1_2026_04_27_15_02_21.csv,1,3,-4.350903417936426,0.2452834823400657,0.09811339293602628,62.9,0.419,0.34,20.4,-0.07,5,0
class1_2026_04_27_15_02_27.csv,1,3,-4.490920125711231,0.23387026101087444,0.09354810440434977,65.4,0.436,0.34,20.4,-0.04,5,1
class1_2026_04_27_15_02_33.csv,1,3,-2.8379422529463962,0.16736469086238295,0.06694587634495318,45.9,0.306,0.14,68.0,-0.0,1,1
class1_2026_04_27_15_02_39.csv,1,3,-4.513186969280953,0.18485693437904183,0.07394277375161673,66.4,0.442,0.19,20.4,0.06,3,6
class1_2026_04_27_15_02_45.csv,1,3,-4.400226122539044,0.19450735002351682,0.07780294000940673,65.4,0.436,0.27,20.1,-0.04,4,1
class1_2026_04_27_15_02_51.csv,1,3,-4.202844173294772,0.23066761418134682,0.09226704567253873,65.4,0.436,0.24,20.4,0.03,4,0
class1_2026_04_27_15_02_57.csv,1,3,-5.3784243925088075,0.19857710725352173,0.0794308429014087,51.7,0.345,0.13,30.0,-0.02,1,0
class1_2026_04_27_15_03_03.csv,1,3,-4.628312174417518,0.18626712524674122,0.07450685009869648,50.1,0.334,0.18,68.3,-0.0,0,2
class1_2026_04_27_15_03_09.csv,1,3,-5.014580437685691,0.19050812248201984,0.07620324899280793,59.7,0.398,0.32,20.7,0.0,6,4
class1_2026_04_27_15_03_15.csv,1,3,-4.439884735554776,0.18239160205389265,0.07295664082155706,63.8,0.425,0.37,20.4,0.01,7,2
class1_2026_04_27_15_03_22.csv,1,3,-4.716088810132808,0.16812657309649198,0.06725062923859679,49.8,0.332,0.14,68.0,0.07,2,2
class1_2026_04_27_15_03_31.csv,1,3,-3.631331059959752,0.170047027948589,0.0680188111794356,51.1,0.34,0.12,34.8,0.16,0,1
class1_2026_04_27_15_04_18.csv,1,3,-4.130223517978617,0.15558520275510596,0.062234081102042385,47.9,0.319,0.13,38.6,0.07,2,0
class1_2026_04_27_15_04_42.csv,1,3,-5.455532160813196,0.17656789466266432,0.07062715786506572,52.6,0.351,0.18,36.4,-0.02,1,0
class1_2026_04_27_15_04_49.csv,1,3,-5.562143542831242,0.16844482415846862,0.06737792966338745,65.4,0.436,0.36,21.1,-0.09,9,0
class1_2026_04_27_15_04_54.csv,1,3,-3.7871367939927496,0.12276465529137906,0.04910586211655162,41.8,0.279,0.16,68.0,-0.04,5,4
class1_2026_04_27_15_05_00.csv,1,3,-4.346100002089438,0.19890400173211625,0.0795616006928465,60.6,0.404,0.4,20.1,-0.05,9,0
class1_2026_04_27_15_05_06.csv,1,3,-4.582047307931975,0.18074267995313834,0.07229707198125533,65.4,0.436,0.3,20.1,-0.02,8,3
class1_2026_04_27_15_05_13.csv,1,3,-3.7683754943660572,0.1841286391129415,0.0736514556451766,40.5,0.27,0.14,67.3,0.07,0,0
class1_2026_04_27_15_05_21.csv,1,3,-5.4701994050468095,0.20634053519028236,0.08253621407611295,66.7,0.445,0.36,20.1,-0.09,6,1
class1_2026_04_27_15_05_29.csv,1,3,-5.8193155570791,0.12350193292530044,0.04940077317012018,50.4,0.336,0.11,71.8,0.0,2,6
class1_2026_04_27_15_05_35.csv,1,3,-5.0869150212582355,0.1503321291361479,0.06013285165445916,62.9,0.419,0.29,19.8,-0.06,10,1
class1_2026_04_27_15_05_41.csv,1,3,-4.700986111955177,0.1618572239316568,0.06474288957266272,63.8,0.425,0.41,20.1,0.0,9,4
class1_2026_04_27_15_05_47.csv,1,3,-6.6398412124933675,0.19513677055648573,0.07805470822259429,52.3,0.349,0.17,32.5,0.01,2,0
class1_2026_04_27_15_05_53.csv,1,3,-4.745204053642429,0.16071928225193427,0.0642877129007737,64.1,0.428,0.35,20.1,-0.03,9,2
class1_2026_04_27_15_05_59.csv,1,3,-5.254686179328182,0.24290475100791506,0.09716190040316602,68.9,0.459,0.28,20.1,0.03,7,0
class1_2026_04_27_15_06_05.csv,1,3,-4.41098258768098,0.2107868730789581,0.08431474923158325,62.5,0.417,0.43,20.1,-0.0,7,0
class1_2026_04_27_15_06_41.csv,1,3,-4.740561003830691,0.2153783849015123,0.08615135396060492,63.5,0.423,0.29,20.4,0.06,7,0
class1_2026_04_27_15_06_55.csv,1,3,-5.285675198368313,0.18973716006287025,0.0758948640251481,44.0,0.294,0.2,66.4,0.05,1,3
class1_2026_04_27_15_07_01.csv,1,3,-6.006790284669546,0.16462110076325168,0.06584844030530067,49.1,0.328,0.17,66.4,0.02,3,0
class1_2026_04_27_15_07_08.csv,1,3,-5.682819112842699,0.16414594845233832,0.06565837938093533,48.8,0.325,0.16,45.6,-0.01,4,0
class1_2026_04_27_15_07_14.csv,1,3,-4.798842251523935,0.18761383513781665,0.07504553405512666,62.9,0.419,0.39,20.4,-0.03,8,0
class1_2026_04_27_15_07_21.csv,1,3,-5.109803893835577,0.182615243594218,0.0730460974376872,60.3,0.402,0.33,20.1,0.0,11,1
class1_2026_04_27_15_07_27.csv,1,3,-5.031372009193855,0.17815117894644528,0.07126047157857811,65.1,0.434,0.38,20.1,-0.07,9,4
class1_2026_04_27_15_07_33.csv,1,3,-5.571302235493265,0.191451842310235,0.07658073692409399,65.4,0.436,0.34,20.1,-0.09,7,0
class1_2026_04_27_15_07_53.csv,1,3,-4.074383618888518,0.18384038893962246,0.07353615557584899,49.1,0.328,0.24,30.9,0.01,1,1
class1_2026_04_27_15_07_59.csv,1,3,-5.5410457315511366,0.1948229206133838,0.07792916824535352,51.7,0.345,0.2,51.7,-0.0,4,0
class1_2026_04_27_15_08_05.csv,1,3,-3.157054869613637,0.16649934490842994,0.06659973796337197,61.9,0.413,0.39,20.4,-0.01,7,7
class1_2026_04_27_15_08_11.csv,1,3,-4.023046180687388,0.17377125160469892,0.06950850064187956,47.2,0.315,0.22,68.6,-0.05,5,1
class1_2026_04_27_15_08_23.csv,1,3,-4.603806994245396,0.181170736298141,0.0724682945192564,53.0,0.353,0.14,31.6,-0.01,0,4
class1_2026_04_27_15_08_30.csv,1,3,-2.8859463553500775,0.19313007990147488,0.07725203196058995,45.3,0.302,0.15,66.4,0.03,0,0
class1_2026_04_27_15_08_43.csv,1,3,-4.2414862521617,0.24845910925223608,0.09938364370089443,65.4,0.436,0.34,20.1,-0.0,6,1
class1_2026_04_27_15_08_59.csv,1,3,-3.795479996693079,0.21932313442488055,0.08772925376995222,52.0,0.347,0.17,30.0,-0.0,0,0
class1_2026_04_27_16_11_10.csv,1,3,-3.6838487972508185,0.20043733280927423,0.08017493312370969,51.7,0.345,0.17,30.9,0.03,0,0
class1_2026_04_27_16_11_16.csv,1,3,-0.6715916722633553,0.15523157469609347,0.06209262987843739,46.3,0.308,0.15,62.5,0.08,1,0
class1_2026_04_27_16_11_22.csv,1,3,-3.118943798449592,0.20710697524709362,0.08284279009883745,65.7,0.438,0.51,20.1,0.06,7,7
class1_2026_04_27_16_11_28.csv,1,3,-3.437392972071148,0.190331340703685,0.076132536281474,66.4,0.442,0.6,20.4,0.08,7,7
class1_2026_04_27_16_11_35.csv,1,3,-3.371077210588391,0.20839300968751523,0.08335720387500609,66.4,0.442,0.47,20.7,0.06,10,3
class1_2026_04_27_16_11_41.csv,1,3,-3.962794006228531,0.23660022857037846,0.09464009142815138,66.4,0.442,0.57,20.1,0.0,6,4
class1_2026_04_27_16_11_47.csv,1,3,-3.958902818361793,0.22434299854109008,0.08973719941643603,66.0,0.44,0.51,20.4,0.02,7,8
class1_2026_04_27_16_11_53.csv,1,3,-3.893894759793529,0.17448361524857586,0.06979344609943035,52.3,0.349,0.19,32.2,0.05,0,3
class1_2026_04_27_16_12_01.csv,1,3,-3.8785047004260806,0.20169889718498743,0.08067955887399497,63.8,0.425,0.68,20.1,0.05,7,8
class1_2026_04_27_16_12_08.csv,1,3,-3.28794159229752,0.20744355381509014,0.08297742152603606,51.4,0.342,0.22,32.2,0.05,2,1
class1_2026_04_27_16_12_15v.csv,1,3,-2.9617662897146553,0.19944842414781833,0.07977936965912732,49.5,0.33,0.2,32.5,0.03,0,0
class1_2026_04_27_16_12_29.csv,1,3,-1.95150798344172,0.1737305546732673,0.06949222186930692,41.5,0.277,0.12,53.3,0.16,1,1
class1_2026_04_27_16_12_37.csv,1,3,-3.2385865940194387,0.24241082739935502,0.09696433095974201,64.8,0.432,0.56,20.4,0.08,6,3
class1_2026_04_27_16_12_52v.csv,1,3,-2.82060925159845,0.10859041609533984,0.043436166438135936,25.2,0.168,0.12,65.1,0.03,5,0
class1_2026_04_27_16_13_07.csv,1,3,-2.8866772969703747,0.22498861490171443,0.08999544596068577,63.5,0.423,0.51,20.4,0.04,7,5
class1_2026_04_27_16_13_13.csv,1,3,-2.808166059775961,0.24144505498267455,0.09657802199306982,64.1,0.428,0.63,20.4,0.04,7,4
class1_2026_04_27_16_13_19.csv,1,3,-3.7289845583786123,0.20787399117786354,0.08314959647114542,66.7,0.445,0.58,20.4,0.05,10,4
class1_2026_04_27_16_13_27.csv,1,3,-3.4192904972219504,0.2523000510824352,0.10092002043297409,67.3,0.449,0.54,20.4,0.0,5,5
class1_2026_04_27_16_13_35.csv,1,3,-0.5698546870549915,0.1515175497979465,0.06060701991917859,44.4,0.296,0.09,65.4,0.07,0,0
class1_2026_04_27_16_13_43.csv,1,3,-3.4887408817000574,0.20840451867505913,0.08336180747002365,65.7,0.438,0.56,20.4,0.01,6,9
class1_2026_04_27_16_13_50.csv,1,3,-3.913966424018323,0.21667029067630528,0.08666811627052211,66.7,0.445,0.57,20.4,0.08,6,3
class1_2026_04_27_16_13_56.csv,1,3,-3.414686052023175,0.19432177230614894,0.07772870892245957,64.5,0.43,0.58,20.1,-0.01,7,8
class1_2026_04_27_16_14_05.csv,1,3,-3.826680263319754,0.19585116672407948,0.0783404666896318,60.3,0.402,0.54,20.4,-0.01,8,8
class1_2026_04_27_16_14_13.csv,1,3,-2.8225289125933726,0.22377814826346293,0.08951125930538517,51.7,0.345,0.19,32.2,0.05,0,0
class1_2026_04_27_16_14_21.csv,1,3,-3.761029943584523,0.22856589400875357,0.09142635760350143,65.7,0.438,0.53,20.7,0.03,5,5
class1_2026_04_27_16_14_31.csv,1,3,-4.169878091696551,0.2068375138650987,0.08273500554603948,63.8,0.425,0.47,20.4,-0.04,8,3
class1_2026_04_27_16_14_47.csv,1,3,-3.592149320431842,0.21683209981616616,0.08673283992646647,65.4,0.436,0.5,20.7,-0.01,6,3
class1_2026_04_27_16_14_54.csv,1,3,-3.3427347748878944,0.17271794656143716,0.06908717862457486,34.1,0.228,0.12,66.4,0.02,1,0
class1_2026_04_27_16_15_03.csv,1,3,-4.359755397960237,0.20695326156398725,0.0827813046255949,64.1,0.428,0.62,20.4,-0.02,7,6
class1_2026_04_27_16_15_14.csv,1,3,-1.4999269854914856,0.13242877027553385,0.05297150811021354,46.3,0.308,0.17,47.5,0.06,3,3
class2_2026_04_27_15_12_17.csv,2,3,-2.769071983284871,0.21423569316948327,0.0856942772677933,57.1,0.381,0.21,36.7,0.1,2,0
class2_2026_04_27_15_12_38.csv,2,3,-3.108771331862437,0.1999525260741031,0.07998101042964124,67.6,0.451,0.32,20.1,0.04,5,6
class2_2026_04_27_15_13_13.csv,2,3,-2.4625027982986474,0.1964353752333785,0.0785741500933514,64.1,0.428,0.26,21.1,0.09,4,11
class2_2026_04_27_15_13_34.csv,2,3,-2.505289375850309,0.18563670213097566,0.07425468085239026,62.9,0.419,0.24,20.4,0.07,8,4
class2_2026_04_27_15_13_52.csv,2,3,-2.6711383302108214,0.21218474585599173,0.0848738983423967,61.6,0.411,0.26,21.1,0.04,5,4
class2_2026_04_27_15_14_19.csv,2,3,-3.0889295475593332,0.16771903331165222,0.06708761332466089,63.2,0.421,0.22,20.1,0.01,7,8
class2_2026_04_27_15_14_43.csv,2,3,-2.919168076383449,0.19803478408424713,0.07921391363369885,70.2,0.468,0.31,20.1,0.04,7,6
class2_2026_04_27_15_15_03.csv,2,3,-4.798524845529588,0.1687222265769983,0.06748889063079933,51.1,0.34,0.16,65.1,0.07,1,3
class2_2026_04_27_15_15_26.csv,2,3,-1.8418600255241462,0.1883615050672036,0.07534460202688144,45.9,0.306,0.13,51.1,0.13,0,0
class2_2026_04_27_15_15_45.csv,2,3,-3.6973463606615278,0.18433924942743526,0.0737356997709741,65.4,0.436,0.23,20.4,0.07,5,11
class2_2026_04_27_15_16_03.csv,2,3,-4.340902267308462,0.24742176975700997,0.09896870790280399,51.1,0.34,0.16,36.1,0.07,0,1
class2_2026_04_27_15_16_23.csv,2,3,-4.170079857416621,0.20723562714295718,0.08289425085718287,65.4,0.436,0.21,20.4,0.06,5,3
class2_2026_04_27_15_16_41.csv,2,3,-3.9581992713174863,0.21532426319838688,0.08612970527935475,65.4,0.436,0.3,20.1,0.14,6,7
class2_2026_04_27_15_16_58.csv,2,3,-2.175436008996692,0.18202321405192645,0.07280928562077058,44.4,0.296,0.14,63.8,0.18,0,3
class2_2026_04_27_15_17_19.csv,2,3,-1.5871580829541896,0.21288570382296687,0.08515428152918675,46.9,0.313,0.22,37.0,0.12,1,2
class2_2026_04_27_15_17_37.csv,2,3,-1.063688339316514,0.18600213732250426,0.0744008549290017,39.9,0.266,0.13,67.6,0.11,0,0
class2_2026_04_27_15_17_53.csv,2,3,-4.168364308772398,0.2029135784864528,0.08116543139458113,63.5,0.423,0.29,20.7,-0.06,5,4
class2_2026_04_27_15_18_09.csv,2,3,-3.982967451447456,0.2005413801486321,0.08021655205945284,66.4,0.442,0.21,20.1,0.13,4,7
class2_2026_04_27_15_18_27.csv,2,3,-4.248502576960701,0.16625606936166637,0.06650242774466655,65.7,0.438,0.32,20.4,0.06,11,5
class2_2026_04_27_15_18_47.csv,2,3,-1.6192893931321537,0.1571241448198679,0.06284965792794715,47.9,0.319,0.14,44.0,0.15,1,1
class2_2026_04_27_15_19_06.csv,2,3,-3.3201946051055358,0.22409014785312428,0.08963605914124971,63.8,0.425,0.22,20.4,0.1,6,6
class2_2026_04_27_15_19_23.csv,2,3,-3.4406404360415905,0.19216097286279907,0.07686438914511963,64.8,0.432,0.28,29.7,0.04,4,9
class2_2026_04_27_15_19_40.csv,2,3,-3.4840397246087456,0.2191063649332475,0.087642545973299,65.4,0.436,0.22,21.1,0.07,4,3
class2_2026_04_27_15_19_54.csv,2,3,-3.2567872265404803,0.1927226049116792,0.07708904196467167,61.6,0.411,0.25,20.4,0.04,4,4
class2_2026_04_27_15_20_11.csv,2,3,-3.862348434482533,0.25191638727063775,0.1007665549082551,51.7,0.345,0.22,29.7,0.12,0,0
class2_2026_04_27_15_20_26.csv,2,3,-3.731974220065508,0.26508250652179155,0.10603300260871662,66.4,0.442,0.35,20.4,0.13,6,3
class2_2026_04_27_15_20_40.csv,2,3,-3.140284537733339,0.21277453280944347,0.08510981312377738,65.4,0.436,0.26,20.4,0.01,6,4
class2_2026_04_27_15_20_55.csv,2,3,-3.327201290000178,0.19309681688645536,0.07723872675458214,63.5,0.423,0.28,20.1,0.08,5,10
class2_2026_04_27_15_21_13.csv,2,3,-1.3236433934121299,0.12928656125900345,0.051714624503601384,39.6,0.264,0.13,45.0,0.05,3,1
class2_2026_04_27_15_21_31.csv,2,3,-3.9512608866547025,0.18445387263591234,0.07378154905436493,52.0,0.347,0.17,29.7,0.17,0,3
class2_2026_04_27_15_21_50.csv,2,3,-2.9730491621447213,0.21962453884812913,0.08784981553925165,52.6,0.351,0.18,45.0,0.1,0,0
class2_2026_04_27_15_22_05.csv,2,3,-3.796430094458378,0.19054435928092253,0.07621774371236902,70.2,0.468,0.35,20.7,0.05,5,8
class2_2026_04_27_15_22_37.csv,2,3,-3.2321253672869186,0.22029461386142096,0.08811784554456839,69.9,0.466,0.31,20.4,0.12,6,4
class2_2026_04_27_15_22_54.csv,2,3,-3.79048018979898,0.20504842449217017,0.08201936979686807,65.4,0.436,0.27,20.4,0.06,6,7
class2_2026_04_27_15_23_09.csv,2,3,-1.61939090006794,0.18282176448871273,0.0731287057954851,46.6,0.311,0.16,36.4,0.07,0,0
class2_2026_04_27_15_23_25.csv,2,3,-2.9883862789307454,0.19407867963478556,0.07763147185391422,61.3,0.408,0.23,20.7,0.1,7,6
class2_2026_04_27_15_23_37.csv,2,3,-2.606144683246449,0.16441931878558946,0.06576772751423579,62.5,0.417,0.3,20.4,0.04,7,6
class2_2026_04_27_15_23_51.csv,2,3,-0.5620195320605501,0.14695020814542922,0.05878008325817169,37.0,0.247,0.12,46.3,0.17,0,2
class2_2026_04_27_15_24_02.csv,2,3,-3.134023012513855,0.2087975933682215,0.0835190373472886,65.1,0.434,0.32,20.4,0.03,5,3
class2_2026_04_27_15_24_13.csv,2,3,-3.482197266475227,0.20054885350548626,0.0802195414021945,65.4,0.436,0.23,20.7,0.11,6,4
class2_2026_04_27_15_24_25.csv,2,3,-3.458337836377426,0.1772063935353443,0.07088255741413771,63.8,0.425,0.29,20.4,0.08,7,10
class2_2026_04_27_15_24_39.csv,2,3,-2.1294086894987903,0.16791111148716753,0.067164444594867,47.2,0.315,0.12,36.4,0.14,1,1
class2_2026_04_27_15_24_51.csv,2,3,-3.2210850494736434,0.179096116599793,0.0716384466399172,62.5,0.417,0.29,21.1,0.07,7,5
class2_2026_04_27_15_25_04.csv,2,3,-3.4986256005904055,0.1917822282653287,0.07671289130613149,65.4,0.436,0.36,20.1,0.03,6,4
class2_2026_04_27_15_25_18.csv,2,3,-2.8554846198491677,0.18083268721271573,0.0723330748850863,49.1,0.328,0.16,36.4,0.11,0,3
class2_2026_04_27_15_25_30.csv,2,3,-0.566622399291754,0.13498275835657467,0.05399310334262987,38.9,0.26,0.12,56.8,0.06,5,1
class2_2026_04_27_15_25_41.csv,2,3,-2.3950578082764444,0.20066479673305726,0.0802659186932229,62.9,0.419,0.34,20.1,0.06,4,13
class2_2026_04_27_15_25_54.csv,2,3,-0.9885530055381543,0.13813309120017137,0.055253236480068545,38.0,0.253,0.07,63.8,0.12,0,4
class2_2026_04_27_15_26_06.csv,2,3,-3.798377989939439,0.203840950528944,0.0815363802115776,65.1,0.434,0.36,20.4,0.06,6,8
class2_2026_04_27_15_26_18.csv,2,3,-3.207765150194447,0.1839169494843757,0.07356677979375029,60.0,0.4,0.38,20.4,0.04,6,9
class2_2026_04_27_15_26_28.csv,2,3,-2.511845635668235,0.18701564216432817,0.07480625686573127,62.2,0.415,0.38,20.4,0.04,7,7
class2_2026_04_27_15_26_42.csv,2,3,-3.6686103012634432,0.20135966729592186,0.08054386691836875,52.0,0.347,0.18,37.7,0.09,0,3
class2_2026_04_27_15_26_56.csv,2,3,-3.557588464844165,0.16778134995785204,0.06711253998314082,65.1,0.434,0.37,20.4,0.07,6,11
class2_2026_04_27_15_27_06.csv,2,3,-3.1301891771354926,0.1739465099783985,0.0695786039913594,63.8,0.425,0.42,20.1,0.09,10,9
class2_2026_04_27_15_27_43.csv,2,3,-3.9743637702715073,0.20017531228412383,0.08007012491364954,65.4,0.436,0.26,20.1,-0.06,4,4
class2_2026_04_27_15_28_02.csv,2,3,-4.1787301724700106,0.14456530430421421,0.05782612172168569,48.8,0.325,0.16,66.4,0.03,0,6
class2_2026_04_27_15_28_20.csv,2,3,-4.286306862700073,0.18890110221424183,0.07556044088569673,46.9,0.313,0.18,67.0,0.01,0,0
class2_2026_04_27_15_28_40.csv,2,3,-3.2009561475893724,0.16589688677326986,0.06635875470930794,41.2,0.274,0.13,65.1,-0.01,0,0
class2_2026_04_27_15_29_01.csv,2,3,-5.668178180848163,0.18337107358561777,0.0733484294342471,36.4,0.242,0.15,66.4,0.09,6,1
class2_2026_04_27_15_29_16.csv,2,3,-3.819437507594781,0.21332863649929282,0.08533145459971712,46.3,0.308,0.19,46.9,-0.03,2,0
class2_2026_04_27_15_29_31.csv,2,3,-3.7645249471758047,0.17071854222834687,0.06828741689133874,39.9,0.266,0.17,66.7,-0.03,4,0
class2_2026_04_27_15_29_49.csv,2,3,-4.94378369973867,0.19412632532965549,0.0776505301318622,49.8,0.332,0.17,38.6,-0.07,3,0
class2_2026_04_27_15_30_09.csv,2,3,-4.380926974752693,0.1867677289752614,0.07470709159010455,63.8,0.425,0.26,20.7,-0.01,5,7
class2_2026_04_27_15_30_26.csv,2,3,-2.693212603536278,0.17955840120260882,0.07182336048104353,37.3,0.249,0.21,66.4,0.03,1,3
class2_2026_04_27_15_30_46.csv,2,3,-4.31815016018914,0.1485135045894087,0.05940540183576348,35.4,0.236,0.15,46.6,-0.02,2,1
class2_2026_04_27_15_31_02.csv,2,3,-3.581661891117403,0.19449788197706666,0.07779915279082666,61.9,0.413,0.29,21.1,0.01,7,3
class2_2026_04_27_15_31_19.csv,2,3,-3.6899661495765326,0.22579752924049507,0.09031901169619802,63.8,0.425,0.36,20.7,0.01,7,5
class2_2026_04_27_15_31_33.csv,2,3,-3.9057622246932926,0.1968328748879768,0.07873314995519072,66.4,0.442,0.29,20.4,0.0,7,2
class2_2026_04_27_15_31_49.csv,2,3,-3.045877883690656,0.17891743449761188,0.07156697379904475,62.5,0.417,0.31,20.7,0.05,6,3
class2_2026_04_27_15_32_04.csv,2,3,-3.0951545628191646,0.17244245512542922,0.06897698205017169,63.2,0.421,0.3,20.1,0.03,8,4
class2_2026_04_27_15_32_19.csv,2,3,-3.2787853253260257,0.18752950265285345,0.07501180106114139,63.8,0.425,0.24,20.4,0.01,5,6
class2_2026_04_27_15_32_35.csv,2,3,-4.13043027044974,0.2114663966551236,0.08458655866204944,51.7,0.345,0.22,30.3,0.03,0,0
class2_2026_04_27_15_32_53.csv,2,3,-2.88256916231376,0.1947723109735834,0.07790892438943336,62.2,0.415,0.41,20.1,0.07,7,4
class2_2026_04_27_15_33_11.csv,2,3,-3.432579658234279,0.18656050250001732,0.07462420100000693,62.2,0.415,0.3,20.4,0.02,6,4
class2_2026_04_27_15_33_24.csv,2,3,-3.2501828232217487,0.22300614626430973,0.08920245850572389,63.8,0.425,0.27,20.7,0.01,4,2
class2_2026_04_27_15_33_39.csv,2,3,-3.134133803787603,0.1853170468419085,0.0741268187367634,62.9,0.419,0.36,20.1,0.04,13,1
class2_2026_04_27_15_33_53.csv,2,3,-4.3684710351376435,0.21628043740028344,0.08651217496011337,63.2,0.421,0.43,20.7,0.0,6,5
class2_2026_04_27_15_34_05.csv,2,3,-2.9649754315471717,0.25731309552078707,0.10292523820831484,62.9,0.419,0.21,20.1,0.06,4,2
class2_2026_04_27_15_34_16.csv,2,3,-3.185121860489466,0.20283453238325477,0.08113381295330191,62.9,0.419,0.23,20.1,0.1,7,9
class2_2026_04_27_15_34_30.csv,2,3,-2.089360334297631,0.23350890679122688,0.09340356271649075,18.5,0.123,0.15,74.3,0.13,0,0
class2_2026_04_27_15_34_41.csv,2,3,-4.361998942300589,0.1671393256823339,0.06685573027293355,44.7,0.298,1.3,74.3,0.05,11,2
class2_2026_04_27_15_34_55.csv,2,3,-4.105293463400012,0.24079397172481848,0.09631758868992739,60.3,0.402,0.28,20.4,-0.02,5,2
class2_2026_04_27_15_35_08.csv,2,3,-3.0391095409044837,0.19622048056143274,0.0784881922245731,49.5,0.33,0.18,58.1,0.02,0,1
class2_2026_04_27_15_35_21.csv,2,3,-4.246592568946654,0.17114156360885635,0.06845662544354254,51.7,0.345,0.15,31.3,0.01,0,5
class2_2026_04_27_15_35_32.csv,2,3,-3.366124024259247,0.21842246319470776,0.0873689852778831,52.0,0.347,0.15,33.8,0.01,0,0
class2_2026_04_27_15_35_45.csv,2,3,-3.5041151426054014,0.1924430286582542,0.07697721146330168,61.3,0.408,0.39,20.1,0.07,6,5
class2_2026_04_27_15_35_57.csv,2,3,-3.0666011618244893,0.24798238206178302,0.09919295282471322,63.8,0.425,0.31,20.7,0.08,4,2
class2_2026_04_27_15_36_08.csv,2,3,-3.482277717706631,0.20591249298972794,0.08236499719589117,65.1,0.434,0.3,20.7,0.04,5,5
class2_2026_04_27_15_36_21.csv,2,3,-4.544138973940493,0.20669707180308183,0.08267882872123274,61.6,0.411,0.24,20.1,-0.02,4,3
class2_2026_04_27_15_36_45.csv,2,3,-3.4824439737719595,0.20159137416393091,0.08063654966557236,60.0,0.4,0.29,21.1,0.1,4,4
class2_2026_04_27_15_37_07.csv,2,3,-5.141546151009862,0.2507478378885814,0.10029913515543257,63.5,0.423,2.19,74.3,0.04,16,2
class2_2026_04_27_15_37_18.csv,2,3,-4.769894787940167,0.20819002515172577,0.08327601006069031,46.6,0.311,0.29,20.7,0.08,5,3
class2_2026_04_27_15_37_33.csv,2,3,-4.546377768014489,0.2238223860550867,0.08952895442203468,65.4,0.436,0.26,20.1,0.03,6,9
class2_2026_04_27_15_37_46.csv,2,3,-3.740774441411444,0.22231655451698523,0.08892662180679409,61.6,0.411,0.33,20.7,0.05,11,5
class2_2026_04_27_15_37_57.csv,2,3,-4.804172767203492,0.2352183206506197,0.09408732826024788,62.2,0.415,1.59,74.7,0.0,12,2
class2_2026_04_27_15_38_07.csv,2,3,-0.9040501446480577,0.1755623781629721,0.07022495126518884,41.8,0.279,0.47,74.3,0.06,13,0
class2_2026_04_27_15_38_20.csv,2,3,-6.07824382169582,0.25967802964858044,0.10387121185943218,64.8,0.432,2.14,72.7,0.02,19,0
class2_2026_04_27_15_38_31.csv,2,3,-4.996188829089071,0.21351246124065038,0.08540498449626015,64.1,0.428,1.58,74.7,0.07,16,5
class2_2026_04_27_15_38_41.csv,2,3,-5.893979712258998,0.28224247965869803,0.11289699186347922,62.9,0.419,1.55,71.5,-0.05,28,1
class2_2026_04_27_15_38_53.csv,2,3,-7.163795280878239,0.2603388317503445,0.1041355327001378,61.3,0.408,2.73,71.2,-0.07,29,0
class2_2026_04_27_15_39_04.csv,2,3,-4.803047417198955,0.22967534815170335,0.09187013926068134,63.8,0.425,2.11,74.0,0.0,19,3
class2_2026_04_27_15_39_15.csv,2,3,-6.970690521265185,0.25455693587762096,0.10182277435104839,62.5,0.417,2.07,70.2,-0.2,30,2
class2_2026_04_27_15_39_26.csv,2,3,-5.029244279710911,0.22904127039830746,0.09161650815932298,62.5,0.417,2.23,73.4,-0.03,20,3
class2_2026_04_27_15_39_36.csv,2,3,-6.660050146259898,0.24865425169034555,0.09946170067613821,66.0,0.44,2.85,72.4,0.02,26,0
class2_2026_04_27_15_39_46.csv,2,3,-8.017037689173637,0.3495667081261523,0.13982668325046094,65.1,0.434,1.92,68.3,-1.92,35,0
class2_2026_04_27_15_39_59.csv,2,3,-7.1590165594668544,0.3177129455618105,0.1270851782247242,65.4,0.436,2.02,69.9,-1.3,32,0
class2_2026_04_27_15_40_11.csv,2,3,-10.59196039667616,0.24449564666075901,0.09779825866430361,51.7,0.345,2.48,69.2,-2.03,28,2
class2_2026_04_27_15_40_23.csv,2,3,-5.780749407995549,0.2224297574101523,0.08897190296406092,64.5,0.43,2.43,71.8,0.01,27,2
class2_2026_04_27_15_40_35.csv,2,3,-7.745836504796203,0.3236198654527612,0.1294479461811045,65.1,0.434,1.74,68.6,-1.61,39,0
class2_2026_04_27_15_41_02.csv,2,3,-52.023392954651115,1.946965425053734,0.7787861700214936,63.8,0.425,2.54,37.7,0.11,0,5
class2_2026_04_27_15_41_16.csv,2,3,-56.771623981848556,1.9370957734536622,0.7748383093814649,64.8,0.432,2.61,38.3,0.17,0,19
class2_2026_04_27_15_41_29.csv,2,3,-36.21993307105869,1.551745110314934,0.6206980441259736,50.1,0.334,2.81,38.6,0.26,0,33
class2_2026_04_27_15_41_42.csv,2,3,-49.967810647289724,1.9236542305342408,0.7694616922136963,63.8,0.425,2.07,43.7,0.15,0,0
class2_2026_04_27_15_41_59.csv,2,3,-33.72884752736996,1.0573867305056988,0.4229546922022795,46.9,0.313,2.6,40.5,0.05,0,29
class2_2026_04_27_15_42_14.csv,2,3,-22.105053483917693,0.857577475294087,0.3430309901176348,44.7,0.298,1.94,39.6,0.25,0,25
class2_2026_04_27_15_42_28.csv,2,3,-49.38719623982237,1.9329658003022385,0.7731863201208954,65.4,0.436,2.23,44.0,-0.23,0,0
class2_2026_04_27_15_42_44.csv,2,3,-52.36831341301462,1.9352686997307458,0.7741074798922983,64.8,0.432,2.45,39.6,0.05,0,8
class2_2026_04_27_15_42_56.csv,2,3,-61.22838156534814,2.354575684284141,0.9418302737136565,65.1,0.434,2.71,38.6,0.0,0,1
class2_2026_04_27_15_43_11.csv,2,3,-57.27106133004507,1.8267491892095091,0.7306996756838037,53.3,0.355,2.39,45.0,0.07,0,0
class2_2026_04_27_15_43_31.csv,2,3,-35.69190474530599,1.7377210845742743,0.6950884338297098,46.3,0.308,2.07,43.7,0.25,0,21
class2_2026_04_27_15_43_45.csv,2,3,-43.34926444917548,1.5793122553963848,0.6317249021585539,65.4,0.436,1.62,43.1,-0.21,0,0
class2_2026_04_27_15_44_01.csv,2,3,-56.94853071930296,1.958575910418212,0.7834303641672848,73.4,0.489,4.07,7.0,-1.66,2,7
class2_2026_04_27_15_44_16.csv,2,3,-37.26363184079557,1.6462226817560306,0.6584890727024122,49.5,0.33,2.18,41.2,0.12,0,29
class2_2026_04_27_15_44_29.csv,2,3,-14.853666875605336,0.6119797572764172,0.24479190291056685,41.5,0.277,1.93,41.5,0.26,2,17
class2_2026_04_27_15_44_43.csv,2,3,-74.25929681438635,2.4830191059450826,0.993207642378033,46.6,0.311,2.93,45.9,0.25,0,1
class2_2026_04_27_15_44_57.csv,2,3,-63.758749782343486,3.0629426351325426,1.2251770540530171,51.7,0.345,3.25,41.8,0.1,0,0
class2_2026_04_27_15_45_10.csv,2,3,-48.568164747975445,2.004723974821034,0.8018895899284136,64.8,0.432,2.18,39.6,0.06,0,0
class2_2026_04_27_15_45_25.csv,2,3,-50.637290925179045,1.8795373987955566,0.7518149595182226,65.1,0.434,1.95,45.9,-1.56,0,0
class2_2026_04_27_15_45_39.csv,2,3,-29.780564263321708,1.0579191474842773,0.42316765899371095,49.5,0.33,4.32,48.5,0.73,19,12
class2_2026_04_27_15_45_59.csv,2,3,-72.35703426619642,2.3982844719372522,0.9593137887749009,45.9,0.306,2.73,47.2,0.08,0,0
class2_2026_04_27_15_46_14.csv,2,3,-69.44276500389995,2.3789955136290435,0.9515982054516173,63.8,0.425,3.15,46.9,-2.16,5,0
class2_2026_04_27_15_46_27.csv,2,3,-59.72760461207631,1.65599168602791,0.662396674411164,46.3,0.308,1.88,48.5,0.05,0,1
class2_2026_04_27_15_46_41.csv,2,3,-52.74954882169568,2.010411033564752,0.8041644134259007,63.8,0.425,2.36,48.2,-1.94,1,0
class2_2026_04_27_15_46_57.csv,2,3,-58.40680112392586,1.4989349801522018,0.5995739920608807,45.9,0.306,1.67,49.1,0.14,0,6
class2_2026_04_27_15_47_10.csv,2,3,-49.73590077892548,1.616229341976541,0.6464917367906164,60.9,0.406,2.03,49.1,-1.71,16,0
class2_2026_04_27_15_47_24.csv,2,3,-68.17145238682669,1.611643767714357,0.6446575070857428,51.4,0.342,2.33,50.1,-0.11,0,23
class2_2026_04_27_15_47_36.csv,2,3,-72.6089148721228,2.343124262568229,0.9372497050272915,41.2,0.274,2.17,51.1,0.19,0,0
class2_2026_04_27_15_47_51.csv,2,3,-40.23386023224778,1.2786075471171605,0.5114430188468642,36.1,0.24,1.89,51.1,0.22,0,18
class2_2026_04_27_15_48_07.csv,2,3,-58.651741731541556,1.5056318604345287,0.6022527441738115,49.8,0.332,1.97,53.6,-1.84,27,0
class2_2026_04_27_15_48_22.csv,2,3,-64.8599563707868,1.452572938796112,0.5810291755184448,50.4,0.336,1.94,51.4,-0.28,0,9
class2_2026_04_27_15_48_35.csv,2,3,-54.71498476806873,2.00809951166108,0.8032398046644319,62.5,0.417,2.42,53.6,-2.37,21,0
class2_2026_04_27_15_48_47.csv,2,3,-37.748038600479646,1.7128959576711202,0.6851583830684481,65.4,0.436,1.92,55.5,-1.78,1,0
class2_2026_04_27_15_49_00.csv,2,3,-41.23737396186132,1.5487376203806118,0.6194950481522448,65.1,0.434,1.89,52.0,-1.76,23,0
class2_2026_04_27_15_49_13.csv,2,3,-49.11180773249632,1.96001098858863,0.7840043954354521,63.8,0.425,2.15,52.6,-2.06,5,0
class2_2026_04_27_15_49_29.csv,2,3,-64.49629089731127,1.5983449633414968,0.6393379853365987,51.7,0.345,2.13,56.5,-2.13,26,0
class2_2026_04_27_15_49_43.csv,2,3,-73.11614590018834,2.45834141214862,0.983336564859448,62.9,0.419,3.36,53.6,-3.13,21,0
class2_2026_04_27_15_49_56.csv,2,3,-37.4259558427571,2.0545851064983838,0.8218340425993534,65.7,0.438,2.04,57.8,-2.02,0,0
class2_2026_04_27_15_50_20.csv,2,3,-41.787645727982934,1.8013564626090297,0.7205425850436119,63.5,0.423,1.96,55.2,-1.91,0,0
class2_2026_04_27_15_50_35.csv,2,3,-83.02924281984362,1.5471544187843098,0.6188617675137239,38.0,0.253,2.09,56.2,0.09,0,12
class2_2026_04_27_15_50_53.csv,2,3,-72.56791350286228,1.6180924297429324,0.647236971897173,45.3,0.302,2.11,57.4,-2.0,23,0
class2_2026_04_27_15_51_06.csv,2,3,-54.18225908829207,1.3063235842160195,0.5225294336864078,50.1,0.334,1.91,58.4,-1.78,27,0
class2_2026_04_27_15_51_19.csv,2,3,-31.528031721194083,1.7148299461313794,0.6859319784525517,63.8,0.425,2.66,59.0,-2.64,56,0
class2_2026_04_27_15_51_31.csv,2,3,-29.107674611648108,1.5085453531150603,0.6034181412460241,65.4,0.436,1.93,59.7,-2.17,41,0
class2_2026_04_27_15_51_44.csv,2,3,-13.297747738508697,0.5375433342498916,0.21501733369995665,51.4,0.342,2.26,66.7,-2.35,37,0
class2_2026_04_27_15_51_56.csv,2,3,-9.696062425342934,0.46968512877955004,0.18787405151182002,66.4,0.442,2.35,66.0,-2.48,44,0
class2_2026_04_27_15_52_07.csv,2,3,-24.506486831501554,1.3835968939345165,0.5534387575738066,65.4,0.436,2.44,60.0,-2.45,56,0
class2_2026_04_27_15_52_35.csv,2,3,-22.14886365582559,1.0616231592750327,0.42464926371001305,111.7,0.744,1.38,60.3,-0.11,0,32
class2_2026_04_27_15_52_49.csv,2,3,-22.225704510433822,1.1464986985745937,0.4585994794298375,63.5,0.423,1.63,60.6,-1.56,43,0
class2_2026_04_27_15_53_06.csv,2,3,-22.339572957811054,1.0512570463133242,0.42050281852532967,62.2,0.415,1.47,60.9,-1.64,49,0
class2_2026_04_27_15_53_18.csv,2,3,-36.20315671478204,1.6325329130645514,0.6530131652258205,51.4,0.342,1.65,61.9,-1.73,0,0
class2_2026_04_27_15_53_29.csv,2,3,-15.335824242701262,0.6418972718814265,0.2567589087525706,65.4,0.436,1.76,62.9,-1.61,52,0
class2_2026_04_27_15_53_40.csv,2,3,-15.645718241839731,0.7463295677827421,0.29853182711309684,65.4,0.436,1.74,62.2,-1.68,50,0
class2_2026_04_27_15_53_51.csv,2,3,-22.116903633491315,1.1456598295142257,0.4582639318056903,66.0,0.44,1.67,63.2,-1.76,55,0
class2_2026_04_27_15_54_02.csv,2,3,-13.869212059497592,0.704950838829649,0.28198033553185964,64.1,0.428,1.93,64.1,-2.12,49,0
class2_2026_04_27_15_54_15.csv,2,3,-26.84633866081685,1.3540084965457468,0.5416033986182988,44.0,0.294,1.94,65.1,-1.85,35,0
class2_2026_04_27_15_54_27.csv,2,3,-13.170461205050765,0.6003644579355848,0.24014578317423393,62.5,0.417,1.25,63.8,-1.41,46,0
class2_2026_04_27_15_54_38.csv,2,3,-9.72956123481265,0.4701819636280679,0.18807278545122716,66.4,0.442,1.71,64.8,-1.55,47,0
class2_2026_04_27_15_57_04.csv,2,3,-3.674145537331472,0.2798826919646795,0.1119530767858718,39.9,0.266,0.25,64.8,0.03,1,1
class2_2026_04_27_15_57_16.csv,2,3,-5.023106288929219,0.4265090196455717,0.17060360785822867,64.5,0.43,1.38,20.1,0.01,7,7
class2_2026_04_27_15_57_38.csv,2,3,-9.159773524363889,0.5463437596247998,0.21853750384991988,73.4,0.489,4.75,7.0,0.15,7,21
class2_2026_04_27_15_57_48.csv,2,3,-7.895131515669291,0.44531564949642,0.178126259798568,74.3,0.496,4.65,7.0,0.17,7,22
class2_2026_04_27_15_58_04.csv,2,3,-4.118201913759596,0.3628579691588699,0.14514318766354797,30.3,0.202,0.23,74.7,0.23,0,0
class2_2026_04_27_15_58_37.csv,2,3,-8.879897022610054,0.5708136715609604,0.22832546862438416,73.7,0.491,4.99,7.0,0.12,6,21
class2_2026_04_27_15_58_52.csv,2,3,-9.363185833774098,0.6597989712377659,0.2639195884951063,73.7,0.491,4.85,7.0,0.25,6,19
class2_2026_04_27_15_59_08.csv,2,3,-7.602044623535604,0.4791752806086946,0.19167011224347782,73.4,0.489,5.19,7.0,0.01,7,19
class2_2026_04_27_15_59_21.csv,2,3,-9.349287295263451,0.44146255199915885,0.17658502079966354,73.4,0.489,4.2,7.0,0.2,7,28
class2_2026_04_27_15_59_35.csv,2,3,-2.213533585717486,0.31754034181368357,0.12701613672547343,51.7,0.345,0.27,32.2,0.15,0,2
class2_2026_04_27_15_59_47.csv,2,3,-1.0733568913315223,0.29434667987483754,0.11773867194993502,42.4,0.283,0.31,67.6,0.21,2,4
class2_2026_04_27_16_00_02.csv,2,3,-4.199925658016053,0.1799841232236199,0.07199364928944796,15.3,0.102,0.15,68.3,0.23,0,2
class2_2026_04_27_16_00_17.csv,2,3,-4.589356118552696,0.36499524180779663,0.14599809672311864,52.0,0.347,0.36,30.3,0.17,5,1
class2_2026_04_27_16_00_33.csv,2,3,-15.698458322935942,1.1917185240157475,0.476687409606299,74.3,0.496,12.04,20.4,0.24,8,31
class2_2026_04_27_16_00_46.csv,2,3,16.943808485509454,0.509908427142335,0.20396337085693397,10.8,0.072,0.2,73.4,0.31,0,0
class2_2026_04_27_16_00_57.csv,2,3,2.6117004178722616,0.39411979759210125,0.1576479190368405,41.8,0.279,0.22,42.1,0.32,5,0
class2_2026_04_27_16_01_09.csv,2,3,-9.475687762320987,0.6794407003955606,0.27177628015822425,75.0,0.5,4.18,7.0,0.22,8,32
class2_2026_04_27_16_01_24.csv,2,3,-12.154120232127926,0.6733706268417441,0.26934825073669766,74.3,0.496,11.61,20.1,0.19,11,29
class2_2026_04_27_16_01_41.csv,2,3,-5.345472527926802,0.3814231825710608,0.15256927302842432,17.9,0.119,0.22,70.2,0.18,0,0
class2_2026_04_27_16_01_55.csv,2,3,-0.4283662360355526,0.2737169188033499,0.10948676752133997,35.7,0.238,0.27,69.2,0.16,2,0
class2_2026_04_27_16_02_06.csv,2,3,-11.942295874472551,0.6221291805198668,0.24885167220794668,73.7,0.491,4.1,7.0,0.18,7,39
class2_2026_04_27_16_02_21.csv,2,3,-3.551983088135902,0.2393106973120564,0.09572427892482256,36.4,0.242,0.2,61.9,0.13,0,3
class2_2026_04_27_16_02_34.csv,2,3,-9.493004613982206,0.5745763085876344,0.22983052343505375,63.8,0.425,2.27,20.1,0.09,8,15
class2_2026_04_27_16_02_47.csv,2,3,-16.71512146940919,0.9297398756264414,0.3718959502505766,73.4,0.489,4.24,7.0,0.04,5,38
class2_2026_04_27_16_03_03.csv,2,3,-7.82407397802816,0.4802563866692181,0.19210255466768725,66.4,0.442,1.78,20.1,0.1,8,19
class2_2026_04_27_16_03_18.csv,2,3,-8.535609495865573,0.813107302046538,0.3252429208186152,65.7,0.438,12.51,20.1,0.34,7,22
class2_2026_04_27_16_03_33.csv,2,3,-10.024644945697526,0.571495985184199,0.22859839407367957,66.0,0.44,4.07,20.1,0.11,6,23
class2_2026_04_27_16_03_45.csv,2,3,-27.29400563335591,1.6352910298535237,0.6541164119414095,73.7,0.491,13.75,20.1,0.19,5,49
class2_2026_04_27_16_03_55.csv,2,3,-26.046451779811775,1.5886182601117471,0.6354473040446988,74.3,0.496,6.1,20.1,0.09,6,45
class2_2026_04_27_16_04_06.csv,2,3,-9.573032144526604,0.6804565971065366,0.2721826388426146,65.4,0.436,2.34,20.1,0.21,6,20
class2_2026_04_27_16_04_21.csv,2,3,-9.207831694225321,0.6948899088131391,0.27795596352525564,61.9,0.413,4.71,20.1,0.25,6,20
class2_2026_04_27_16_04_37.csv,2,3,-25.58207396058212,1.6871763791085876,0.674870551643435,73.7,0.491,4.29,7.0,0.19,4,45
class2_2026_04_27_16_04_48.csv,2,3,-14.901133967747342,0.6901534231425045,0.2760613692570018,64.5,0.43,2.37,20.7,0.16,2,29
class2_2026_04_27_16_05_01.csv,2,3,-51.16935049435041,2.7672320547161227,1.106892821886449,65.1,0.434,2.71,33.8,0.38,0,0
class2_2026_04_27_16_05_17.csv,2,3,-24.179127587614452,1.1890455659974504,0.47561822639898016,65.4,0.436,1.23,25.5,0.08,0,35
class2_2026_04_27_16_05_29.csv,2,3,-31.697279716144223,1.662703600860286,0.6650814403441144,65.7,0.438,1.85,24.2,0.29,0,35
class2_2026_04_27_16_05_41.csv,2,3,-18.268971078515165,0.9615030887191768,0.3846012354876707,65.4,0.436,1.41,21.7,0.14,0,30
class2_2026_04_27_16_05_53.csv,2,3,-13.956199487482673,0.6627735025642287,0.26510940102569147,64.8,0.432,2.82,20.4,0.07,5,25
class2_2026_04_27_16_06_07.csv,2,3,-4.4354209050419655,0.29370125592006957,0.11748050236802782,21.1,0.14,0.2,59.7,0.24,0,0
class2_2026_04_27_16_06_20.csv,2,3,-17.58036425145851,0.7954190986224984,0.31816763944899934,66.4,0.442,0.9,25.5,0.05,0,35
class2_2026_04_27_16_06_34.csv,2,3,-34.8887752288919,1.3722576977786727,0.5489030791114691,73.7,0.491,4.23,7.0,0.02,0,15
class2_2026_04_27_16_06_47.csv,2,3,-32.58562527531029,1.4237400765709642,0.5694960306283857,61.3,0.408,1.19,35.4,0.11,0,0
class2_2026_04_27_16_06_59.csv,2,3,-36.1999276333262,1.4149293848249302,0.5659717539299721,74.3,0.496,4.22,7.0,0.21,0,18
class2_2026_04_27_16_07_11.csv,2,3,-30.508465752718497,1.2702418348101912,0.5080967339240765,65.4,0.436,1.39,35.1,0.15,0,6
class2_2026_04_27_16_07_23.csv,2,3,-34.15558054644007,1.4273940858223741,0.5709576343289496,73.7,0.491,4.22,7.0,0.12,0,15
class2_2026_04_27_16_07_33.csv,2,3,-30.624775671758933,1.3495138042695127,0.539805521707805,66.4,0.442,1.31,34.8,0.12,0,1
class2_2026_04_27_16_07_48.csv,2,3,-30.31749314581778,1.5179317605380818,0.6071727042152327,73.7,0.491,4.24,7.0,0.07,0,13
class2_2026_04_27_16_07_58.csv,2,3,-15.163926246442978,0.7385132184383524,0.29540528737534094,62.2,0.415,1.1,26.5,0.3,0,29
class2_2026_04_27_16_08_08.csv,2,3,-3.8928169278816016,0.26458845706230394,0.10583538282492158,25.8,0.172,0.2,58.1,0.1,0,0
class2_2026_04_27_16_08_20.csv,2,3,-20.413167583961528,1.178144408780075,0.47125776351203,64.1,0.428,1.67,29.0,0.09,0,39
class2_2026_04_27_16_08_30.csv,2,3,-37.00841490640563,1.5278198753748053,0.6111279501499222,73.4,0.489,4.21,7.0,0.04,0,12
class2_2026_04_27_16_08_42.csv,2,3,-23.19719175346449,1.1989976391101358,0.4795990556440543,62.2,0.415,2.08,28.4,0.21,0,36
class2_2026_04_27_16_08_56.csv,2,3,-9.784972533176802,0.4650851874494602,0.18603407497978408,49.8,0.332,1.65,33.2,0.18,0,18
class2_2026_04_27_16_09_08.csv,2,3,-12.041573737057318,0.7694220170349193,0.30776880681396773,62.9,0.419,1.23,30.0,0.18,0,38
class2_2026_04_27_16_09_22.csv,2,3,-24.583741429970743,1.217506160533537,0.4870024642134148,65.7,0.438,1.33,31.9,0.03,0,3
class2_2026_04_27_16_09_35.csv,2,3,-6.318928742980983,0.2755409533994493,0.11021638135977972,25.8,0.172,0.27,59.7,0.21,1,1
class2_2026_04_27_16_09_51.csv,2,3,-21.372919712739183,1.227383203201287,0.49095328128051485,63.8,0.425,1.78,30.3,0.21,0,36
class2_2026_04_27_16_10_06.csv,2,3,-6.3720533444754945,0.5061065462647684,0.20244261850590736,50.4,0.336,1.79,31.6,0.1,0,15
class2_2026_04_27_16_10_18.csv,2,3,-20.33148315796828,1.162664130010877,0.46506565200435085,62.9,0.419,1.38,32.5,0.22,0,23
class2_2026_04_27_16_10_35.csv,2,3,-8.26835855883408,0.5474882434464219,0.21899529737856874,49.5,0.33,2.34,34.1,0.22,0,17
class2_2026_04_27_16_10_45.csv,2,3,-8.377327890581284,0.4308228349560273,0.17232913398241093,51.4,0.342,1.5,30.6,0.12,1,16
class2_2026_04_27_16_10_58.csv,2,3,-8.173282264067762,0.6372333874513226,0.25489335498052906,50.1,0.334,1.87,35.7,0.25,0,27
class3_2026_04_27_16_16_56.csv,3,3,nan,nan,nan,0.3,0.002,-1000000000.0,3.8,0.0,0,0
class3_2026_04_27_16_17_30.csv,3,3,-62.634006488048904,2.0783747355319298,0.831349894212772,74.7,0.498,5.07,38.3,-0.07,0,24
class3_2026_04_27_16_18_00.csv,3,3,nan,nan,nan,0.3,0.002,-1000000000.0,3.8,0.0,0,0
class3_2026_04_27_16_18_11.csv,3,3,nan,nan,nan,0.3,0.002,-1000000000.0,3.8,0.0,0,0
class3_2026_04_27_16_18_40.csv,3,3,-7.549737818618253,0.28247812377866177,0.11299124951146472,63.8,0.425,3.09,38.3,0.06,5,18
class3_2026_04_27_16_18_51.csv,3,3,-12.399341142020493,0.47924081994142986,0.19169632797657193,63.5,0.423,5.1,38.0,0.05,4,19
class3_2026_05_14_12_53_50.csv,3,3,-165.62209221339953,3.77043600765065,1.50817440306026,40.2,0.268,22.43,20.4,-0.57,8,12
class3_2026_05_14_12_54_12.csv,3,3,nan,nan,nan,0.3,0.002,-1000000000.0,3.8,0.0,0,0
class3_2026_05_14_12_54_33.csv,3,3,-3.0363500131395673,0.2716781462459402,0.1086712584983761,38.6,0.257,0.15,54.2,0.11,0,0
class3_2026_05_14_12_54_44.csv,3,3,nan,nan,nan,0.3,0.002,-1000000000.0,3.8,0.0,0,0
class3_2026_05_14_12_55_08.csv,3,3,nan,nan,nan,0.3,0.002,-1000000000.0,3.8,0.0,0,0
class3_2026_05_14_12_55_25.csv,3,3,nan,nan,nan,0.3,0.002,-1000000000.0,3.8,0.0,0,0
class3_2026_05_14_12_56_02.csv,3,3,-116.63184696519502,1.3618711562267558,0.5447484624907023,24.2,0.162,5.27,6.7,0.15,0,12
class3_2026_05_14_12_56_13.csv,3,3,-6.242189815056733,0.22997853795697776,0.09199141518279111,54.9,0.366,0.25,35.4,-0.01,0,7
class3_2026_05_14_12_56_25.csv,3,3,-8.2404828226557,0.1566271595334306,0.06265086381337223,4.8,0.032,-1000000000.0,31.6,0.07,0,0
class3_2026_05_14_12_56_35.csv,3,3,-4.500160720025649,0.3585338817189001,0.14341355268756004,21.1,0.14,0.82,20.7,0.17,8,0
class3_2026_05_14_12_57_12.csv,3,3,nan,nan,nan,0.3,0.002,-1000000000.0,3.8,0.0,0,0
class3_2026_05_14_12_57_24.csv,3,3,nan,nan,nan,0.3,0.002,-1000000000.0,3.8,0.0,0,0
class3_2026_05_14_12_58_25.csv,3,3,nan,nan,nan,0.3,0.002,-1000000000.0,3.8,0.0,0,0
class3_2026_05_14_12_58_43.csv,3,3,nan,nan,nan,0.3,0.002,-1000000000.0,3.8,0.0,0,0
class3_2026_05_14_12_58_49.csv,3,3,nan,nan,nan,0.3,0.002,-1000000000.0,3.8,0.0,0,0
class3_2026_05_14_12_59_21.csv,3,3,10.022258677606018,0.2260882089272617,0.09043528357090468,15.3,0.102,0.7,20.1,0.33,8,2
class3_2026_05_14_13_00_09.csv,3,3,-1.5665796344648113,0.06424793800914391,0.025699175203657564,4.8,0.032,-1000000000.0,26.5,0.03,0,0
class3_2026_05_14_13_00_27.csv,3,3,-4.41039925719512,0.12513051329387706,0.05005220531755083,4.5,0.03,-1000000000.0,26.8,0.05,1,0
class3_2026_05_14_13_06_40.csv,3,3,-2.68886262823468,0.15349413480231203,0.06139765392092481,55.5,0.37,0.28,31.3,0.03,1,11
class3_2026_05_14_13_09_36.csv,3,3,nan,nan,nan,0.3,0.002,-1000000000.0,3.8,0.0,0,0
class3_2026_05_14_13_09_48.csv,3,3,nan,nan,nan,0.3,0.002,-1000000000.0,3.8,0.0,0,0
class3_2026_05_14_13_10_00.csv,3,3,nan,nan,nan,0.3,0.002,-1000000000.0,3.8,0.0,0,0
class3_2026_05_14_13_10_18.csv,3,3,nan,nan,nan,0.3,0.002,-1000000000.0,3.8,0.0,0,0
class3_2026_05_14_13_10_25.csv,3,3,nan,nan,nan,0.3,0.002,-1000000000.0,3.8,0.0,0,0
class3_2026_05_14_13_10_35.csv,3,3,nan,nan,nan,0.3,0.002,-1000000000.0,3.8,0.0,0,0
class3_2026_05_14_13_10_59.csv,3,3,nan,nan,nan,0.3,0.002,-1000000000.0,3.8,0.0,0,0
class3_2026_05_14_13_11_09.csv,3,3,nan,nan,nan,0.3,0.002,-1000000000.0,3.8,0.0,0,0
class3_2026_05_14_13_11_29.csv,3,3,-12.156784530491715,0.34626671633593503,0.138506686534374,53.3,0.355,3.1,38.3,0.0,0,14
class3_2026_05_14_13_11_39.csv,3,3,nan,nan,nan,0.3,0.002,-1000000000.0,3.8,0.0,0,0
class3_2026_05_14_13_11_48.csv,3,3,nan,nan,nan,0.3,0.002,-1000000000.0,3.8,0.0,0,0
class3_2026_05_14_13_11_57.csv,3,3,nan,nan,nan,0.3,0.002,-1000000000.0,3.8,0.0,0,0
class3_2026_05_14_13_12_07.csv,3,3,-6.393481158037908,0.2815379169068707,0.11261516676274827,68.9,0.459,3.18,38.3,0.02,6,18
class3_2026_05_14_13_14_44.csv,3,3,-16.125002838908813,0.5982767985073557,0.23931071940294227,64.5,0.43,6.02,38.3,-0.01,2,20
class3_2026_05_14_13_15_01.csv,3,3,-15.952453833809052,0.49197672648079704,0.19679069059231882,51.1,0.34,5.4,38.3,0.06,0,21
class3_2026_05_14_13_15_12.csv,3,3,nan,nan,nan,0.3,0.002,-1000000000.0,3.8,0.0,0,0
class3_2026_05_14_13_15_21.csv,3,3,nan,nan,nan,0.3,0.002,-1000000000.0,3.8,0.0,0,0
class3_2026_05_14_13_15_32.csv,3,3,-5.545543976947209,0.2940598121972947,0.11762392487891787,68.6,0.457,3.06,38.3,0.0,4,18
class3_2026_05_14_13_16_09.csv,3,3,nan,nan,nan,0.3,0.002,-1000000000.0,3.8,0.0,0,0
class3_2026_05_14_13_16_20.csv,3,3,-3.093041985422021,0.27066080859992797,0.10826432343997118,56.5,0.377,0.58,38.0,0.07,0,7
class3_2026_05_14_13_16_30.csv,3,3,nan,nan,nan,0.3,0.002,-1000000000.0,3.8,0.0,0,0
class3_2026_05_14_13_16_46.csv,3,3,nan,nan,nan,0.3,0.002,-1000000000.0,3.8,0.0,0,0
class3_2026_05_14_13_16_57.csv,3,3,nan,nan,nan,0.3,0.002,-1000000000.0,3.8,0.0,0,0
class3_2026_05_14_13_17_09.csv,3,3,9.278922061221524e-14,0.15567300249999602,0.06226920099999841,40.8,0.272,0.12,71.5,0.07,0,4
class3_2026_05_14_13_17_44.csv,3,3,nan,nan,nan,0.3,0.002,-1000000000.0,3.8,0.0,0,0
class3_2026_05_14_13_17_52.csv,3,3,nan,nan,nan,0.3,0.002,-1000000000.0,3.8,0.0,0,0
class3_2026_05_14_13_18_01.csv,3,3,nan,nan,nan,0.3,0.002,-1000000000.0,3.8,0.0,0,0
class3_2026_05_14_13_18_12.csv,3,3,-4.214254094732144,0.22647171384129883,0.09058868553651953,54.2,0.362,0.66,37.7,0.04,2,7
class3_2026_05_14_13_18_31.csv,3,3,2.7044717184297773,0.20309930809926488,0.08123972323970595,19.1,0.128,0.28,20.7,0.14,6,2
class3_2026_05_14_13_18_42.csv,3,3,-0.6697506449515387,0.18589053416761955,0.07435621366704782,19.5,0.13,0.3,20.1,0.2,5,2
class3_2026_05_14_13_18_55.csv,3,3,-0.44782803403468263,0.251511672562693,0.10060466902507721,19.8,0.132,0.4,20.7,0.28,5,1
class3_2026_05_14_13_19_26.csv,3,3,12.268788276060324,0.2294182834430759,0.09176731337723036,16.6,0.111,0.36,20.4,0.25,7,0
class3_2026_05_14_13_19_51.csv,3,3,-45.40976756333247,0.8807975125402134,0.3523190050160854,25.8,0.172,4.44,6.7,0.19,0,12
class3_2026_05_14_13_21_06.csv,3,3,nan,nan,nan,0.3,0.002,-1000000000.0,3.8,0.0,0,0
class3_2026_05_14_13_21_18.csv,3,3,nan,nan,nan,0.3,0.002,-1000000000.0,3.8,0.0,0,0
class3_2026_05_14_13_21_46.csv,3,3,nan,nan,nan,0.3,0.002,-1000000000.0,3.8,0.0,0,0
class3_2026_05_14_13_21_55.csv,3,3,-56.28854658695773,0.8631766729580083,0.3452706691832033,22.0,0.147,4.37,6.7,0.14,0,11
class3_2026_05_14_13_22_06.csv,3,3,-10.685674478778065,0.03218183583332736,0.012872734333330943,2.6,0.017,-1000000000.0,25.8,0.02,0,0
class3_2026_05_14_13_22_18.csv,3,3,-3.3785661098701225,0.25172187152776804,0.10068874861110721,63.2,0.421,0.33,38.3,0.06,3,5
class3_2026_05_14_13_22_54.csv,3,3,-4.113089492252884,0.2695409004972844,0.10781636019891376,60.3,0.402,0.27,20.1,0.11,5,1
class3_2026_05_14_13_23_04.csv,3,3,1.149245154886917,0.22251120967756122,0.08900448387102448,36.7,0.245,0.12,57.8,0.15,1,1
class3_2026_05_14_13_33_21.csv,3,3,-1.3315101606030126,0.4497342351800299,0.17989369407201197,19.8,0.132,0.24,65.7,0.16,0,0
class3_2026_05_14_13_33_36.csv,3,3,-23.117063906925033,1.332208846438247,0.5328835385752988,71.8,0.479,6.98,7.0,0.63,13,21
class3_2026_05_14_13_37_00.csv,3,3,-5.610054220077107,0.22546868480325818,0.09018747392130327,65.7,0.438,2.91,38.3,0.01,2,15
class3_2026_05_14_13_37_11.csv,3,3,-17.155733087519856,0.4939627348705589,0.19758509394822357,62.2,0.415,5.96,38.3,-0.04,0,18
class3_2026_05_14_13_37_53.csv,3,3,-4.274610157470519,0.2042947712397592,0.08171790849590368,60.9,0.406,1.02,38.0,0.04,3,11
class3_2026_05_14_13_38_59.csv,3,3,-5.3748190472316315,0.23714691993860296,0.09485876797544118,67.6,0.451,2.0,68.9,-0.06,13,11
class3_2026_05_14_13_39_14.csv,3,3,nan,nan,nan,0.3,0.002,-1000000000.0,4.1,0.0,0,0
class3_2026_05_14_13_39_31.csv,3,3,-3.891109496124026,0.1888690962045815,0.0755476384818326,50.7,0.338,0.14,60.0,0.08,3,0
class3_2026_05_14_13_39_43.csv,3,3,-2.2523159811029716,0.1851530112335904,0.07406120449343616,52.6,0.351,0.22,16.0,0.06,6,1
class3_2026_05_14_13_39_50.csv,3,3,-3.0574596203237903,0.1858580276067137,0.07434321104268547,45.9,0.306,0.16,29.7,0.06,3,5
class3_2026_05_14_13_41_43.csv,3,3,-26.35775319189788,0.6122434059717754,0.24489736238871018,27.1,0.181,3.38,7.0,0.03,0,11
class3_2026_05_14_13_42_19.csv,3,3,-11.185858433713388,0.4379443923696018,0.1751777569478407,65.1,0.434,5.08,38.3,-0.0,0,18
class3_2026_05_14_13_42_29.csv,3,3,nan,nan,nan,0.3,0.002,-1000000000.0,4.1,0.0,0,0
class3_2026_05_14_13_42_54.csv,3,3,-28.690856974470137,1.4761094841117828,0.5904437936447131,49.5,0.33,3.82,38.0,0.07,0,16
class3_2026_05_14_13_43_01.csv,3,3,-40.75447351757287,1.5616343254753582,0.6246537301901433,63.8,0.425,3.95,38.0,-0.03,0,11
class3_2026_05_14_13_43_17.csv,3,3,-5.340923627990215,0.2661823687530391,0.10647294750121564,66.0,0.44,2.76,38.3,0.09,0,15
class3_2026_05_14_13_43_30.csv,3,3,-4.263979817678077,0.21664863050065017,0.08665945220026007,61.9,0.413,1.92,38.3,0.02,2,14
class3_2026_05_14_13_43_49.csv,3,3,-7.581781516742099,0.26494203014436013,0.10597681205774405,66.4,0.442,3.79,38.3,-0.02,0,17
class3_2026_05_14_13_47_19.csv,3,3,-4.332253497792324,0.21205400249771356,0.08482160099908542,58.7,0.391,1.99,38.3,0.14,3,17
class3_2026_05_14_13_47_32.csv,3,3,5.707588034449421,0.18773367028780488,0.07509346811512195,18.8,0.126,0.29,20.4,0.15,5,0
class3_2026_05_14_13_47_38.csv,3,3,1.625072547881526,0.10371481367237287,0.04148592546894915,17.2,0.115,0.15,20.4,0.14,7,2
class3_2026_05_14_13_47_50.csv,3,3,-4.475315177953756,0.27452505705084723,0.10981002282033889,43.1,0.287,1.83,38.3,0.02,1,12
class3_2026_05_14_13_47_57.csv,3,3,-3.760871268510402,0.2211492751239885,0.0884597100495954,45.6,0.304,1.9,38.3,0.1,7,15
class3_2026_05_14_13_48_07.csv,3,3,nan,nan,nan,0.3,0.002,-1000000000.0,4.1,0.0,0,0
class3_2026_05_14_13_48_17.csv,3,3,nan,nan,nan,0.3,0.002,-1000000000.0,4.1,0.0,0,0
class3_2026_05_14_14_04_11.csv,3,3,2.1005645035651277,0.18569701551146398,0.07427880620458559,17.9,0.119,0.18,19.8,0.16,6,0
class3_2026_05_14_14_32_37.csv,3,3,nan,nan,nan,0.3,0.002,-1000000000.0,4.1,0.0,0,0
class3_2026_05_14_14_32_50.csv,3,3,nan,nan,nan,0.3,0.002,-1000000000.0,4.1,0.0,0,0
class3_2026_05_14_14_33_25.csv,3,3,nan,nan,nan,0.3,0.002,-1000000000.0,4.1,0.0,0,0
class3_2026_05_14_14_33_35.csv,3,3,nan,nan,nan,0.3,0.002,-1000000000.0,4.1,0.0,0,0
class3_2026_05_14_14_33_56.csv,3,3,10.807753174756153,0.14811990771605224,0.05924796308642089,14.0,0.094,0.13,20.4,0.13,5,0
class3_2026_05_14_14_34_08.csv,3,3,-2.2216099449139275,0.18576272266210897,0.0743050890648436,6.7,0.045,0.08,27.8,0.12,0,0
class3_2026_05_14_14_34_26.csv,3,3,-5.96471719665913,0.274487408306705,0.10979496332268199,64.1,0.428,5.2,68.9,-0.31,23,22
class3_2026_05_14_14_34_45.csv,3,3,-8.692200004179098,0.4044537022586705,0.1617814809034682,64.5,0.43,1.76,68.6,-0.84,35,12
class3_2026_05_14_14_35_03.csv,3,3,-33.93759032035024,1.094266298840517,0.4377065195362068,68.9,0.459,4.19,38.0,-0.13,0,22
class3_2026_05_14_14_35_14.csv,3,3,-8.315629316449659,0.3509330041354319,0.14037320165417275,54.2,0.362,3.43,38.3,0.04,0,16
class3_2026_05_14_14_35_31.csv,3,3,-5.685642246531847,0.22055747262023756,0.08822298904809503,66.0,0.44,3.68,68.9,-0.11,7,22
class3_2026_05_14_14_35_39.csv,3,3,nan,nan,nan,0.3,0.002,-1000000000.0,4.1,0.0,0,0
class3_2026_05_14_14_35_52.csv,3,3,-4.491927044070798,0.17202364327681824,0.0688094573107273,67.6,0.451,2.09,38.3,-0.06,8,14
class3_2026_05_14_14_36_02.csv,3,3,-9.47931345154685,0.2906481509714507,0.11625926038858027,66.4,0.442,4.68,38.3,-0.1,0,19
class3_2026_05_14_14_36_15.csv,3,3,nan,nan,nan,0.3,0.002,-1000000000.0,4.1,0.0,0,0
class3_2026_05_14_14_36_30.csv,3,3,-5.4557062431078185,0.24854235535070063,0.09941694214028025,58.1,0.387,2.15,38.3,0.06,5,13
class3_2026_05_14_14_39_37.csv,3,3,-26.424617115217448,0.5706801904839042,0.22827207619356166,27.1,0.181,3.48,7.0,0.1,0,11
class3_2026_05_14_14_40_05.csv,3,3,-11.833060624748587,0.5254585490857246,0.21018341963428988,62.9,0.419,4.63,38.3,0.01,0,16
class3_2026_05_14_14_40_18.csv,3,3,nan,nan,nan,0.3,0.002,-1000000000.0,4.1,0.0,0,0
class3_2026_05_14_14_40_43.csv,3,3,-8.402597992460354,0.18464631081856478,0.07385852432742591,21.1,0.14,0.23,20.4,0.17,4,3
class3_2026_05_14_14_40_57.csv,3,3,nan,nan,nan,0.3,0.002,-1000000000.0,4.1,0.0,0,0
class3_2026_05_14_14_41_08.csv,3,3,nan,nan,nan,0.3,0.002,-1000000000.0,4.1,0.0,0,0
class3_2026_05_22_11_05_05.csv,3,3,-2.0619348106793395e-13,0.21621250250000087,0.08648500100000035,31.6,0.211,0.13,55.5,0.11,0,0
class3_2026_05_22_11_05_17.csv,3,3,-1.0849533495550558,0.1835233702087808,0.07340934808351232,36.1,0.24,0.12,56.5,0.06,0,0
class3_2026_05_22_11_05_50.csv,3,3,nan,nan,nan,0.3,0.002,-1000000000.0,3.8,0.0,0,0
class3_2026_05_22_11_06_12.csv,3,3,-3.8980883774597226,0.23864938593156365,0.09545975437262547,48.2,0.321,7.16,68.9,5.64,12,22
class3_2026_05_22_11_09_21.csv,3,3,-5.068018138170213,0.2636960399766735,0.1054784159906694,48.8,0.325,0.76,20.4,0.08,8,8
class3_2026_05_22_11_09_35.csv,3,3,-30.303030303028372,1.7653610252271614,0.7061444100908646,49.1,0.328,5.14,38.3,3.52,0,28
class3_2026_05_22_11_10_02.csv,3,3,-121.9929775688461,1.460480766515848,0.5841923066063391,23.6,0.157,5.32,6.7,0.1,0,11
