terminal_frac,terminal_m,backscatter_slope,max_loss_dB,total_loss_dB,n_bend,terminal_reflect_dB,first_loss_frac,file,true_class,cluster,pc1,pc2
0.83596,125.4,-4.0790452559466175,0.54,0.54,1,0.0,0.14039333333333334,class1_2026_04_27_14_36_42.csv,1,1,0.253219037074274,-0.007379542611298557
0.83596,125.4,-3.9001311958645672,0.0,0.0,0,0.0,0.83596,class1_2026_04_27_14_36_49.csv,1,0,-1.271202535254513,0.3865801006688648
0.83596,125.4,-3.6936224906278112,0.52,0.52,1,0.0,0.14252,class1_2026_04_27_14_36_54.csv,1,1,0.24913942972031136,-0.03429071708923791
0.83596,125.4,-4.04612189542787,0.0,0.0,0,0.0,0.83596,class1_2026_04_27_14_37_00.csv,1,0,-1.2734010364946922,0.39641992854592495
0.83596,125.4,-3.837935455102064,0.0,0.0,0,0.0,0.83596,class1_2026_04_27_14_37_06.csv,1,0,-1.2702659179658145,0.38238808442659783
0.83596,125.4,-3.8594352800569354,0.0,0.0,0,0.0,0.83596,class1_2026_04_27_14_37_11.csv,1,0,-1.2705896878495693,0.3838371806880424
0.83596,125.4,-3.577270939024741,0.0,0.0,0,0.0,0.83596,class1_2026_04_27_14_37_17.csv,1,0,-1.266340522282522,0.3648191983295361
0.83596,125.4,-3.710727127880006,0.0,0.0,0,0.0,0.83596,class1_2026_04_27_14_37_22.csv,1,0,-1.2683502639824076,0.3738141954861517
0.83596,125.4,-3.9204673088160593,0.5,0.5,1,0.0,0.14039333333333334,class1_2026_04_27_14_37_28.csv,1,1,0.24137012419375417,-0.023452513530172275
0.83596,125.4,-3.830864704220369,0.55,0.55,1,0.0,0.14039333333333334,class1_2026_04_27_14_37_34.csv,1,1,0.260515676363117,-0.022760815372000892
0.83596,125.4,-3.98023836452375,0.0,0.0,0,0.0,0.83596,class1_2026_04_27_14_37_39.csv,1,0,-1.2724088840847554,0.3919793538656973
0.83596,125.4,-3.8869019198383885,0.58,0.58,1,0.0,0.14039333333333334,class1_2026_04_27_14_37_46.csv,1,1,0.2703495273324218,-0.014945317655108066
0.83596,125.4,-3.9640021794721902,0.0,0.0,0,0.0,0.83596,class1_2026_04_27_14_37_52.csv,1,0,-1.2721643803384317,0.3908850289068792
0.83596,125.4,-3.4427252914722843,0.0,0.0,0,0.0,0.83596,class1_2026_04_27_14_38_03.csv,1,0,-1.2643143742204224,0.3557507712483321
0.83596,125.4,-3.612210397137502,0.51,0.51,1,0.0,0.14039333333333334,class1_2026_04_27_14_38_09.csv,1,1,0.24957146461942079,-0.04288295547205731
0.83596,125.4,-3.9668999412669486,0.0,0.0,0,0.0,0.83596,class1_2026_04_27_14_38_15.csv,1,0,-1.2722080182750852,0.39108033913810925
0.83596,125.4,-3.849092537304548,0.64,0.64,1,0.0,0.14252,class1_2026_04_27_14_38_20.csv,1,1,0.2895090807252704,-0.0076577041514108565
0.83596,125.4,-3.492159153478893,0.56,0.56,1,0.0,0.14039333333333334,class1_2026_04_27_14_38_26.csv,1,1,0.2691755485373253,-0.04424350700079113
0.83596,125.4,-3.566158130992225,0.58,0.58,1,0.0,0.14039333333333334,class1_2026_04_27_14_38_31.csv,1,1,0.2751796680171866,-0.036563569258278666
0.83596,125.4,-4.196852716539993,0.0,0.0,0,0.0,0.83596,class1_2026_04_27_14_38_38.csv,1,0,-1.2756709201115215,0.40657924239227117
0.83596,125.4,-3.4461706673579866,0.51,0.51,1,0.0,0.14252,class1_2026_04_27_14_38_57.csv,1,1,0.24930661103347337,-0.05231525219744841
0.83596,125.4,-3.4689693426043986,0.0,0.0,0,0.0,0.83596,class1_2026_04_27_14_39_05.csv,1,0,-1.2647095882931945,0.35751963013255705
0.83596,125.4,-3.339039634897226,0.55,0.55,1,0.0,0.14252,class1_2026_04_27_14_39_11.csv,1,1,0.26515688511649155,-0.05415116610746194
0.83596,125.4,-3.8193065753828366,0.0,0.0,0,0.0,0.83596,class1_2026_04_27_14_39_17.csv,1,0,-1.2699853821831353,0.3811324909502465
0.83596,125.4,-3.898944943304722,0.63,0.63,1,0.0,0.14039333333333334,class1_2026_04_27_14_39_22.csv,1,1,0.2879643789844121,-0.007402666062383851
0.83596,125.4,-3.7874061328061184,0.0,0.0,0,0.0,0.83596,class1_2026_04_27_14_39_28.csv,1,0,-1.2695049874540398,0.378982389162284
0.83596,125.4,-3.7572519433710525,0.0,0.0,0,0.0,0.83596,class1_2026_04_27_14_39_34.csv,1,0,-1.2690508898774964,0.3769499854906744
0.83596,125.4,-3.8593098103416663,0.0,0.0,0,0.0,0.83596,class1_2026_04_27_14_43_57.csv,1,0,-1.2705877983776683,0.3838287239821993
0.83596,125.4,-4.337346320780799,0.0,0.0,0,0.0,0.83596,class1_2026_04_27_14_44_55.csv,1,0,-1.277786639565463,0.4160485639839381
0.83596,125.4,-4.337346320780799,0.0,0.0,0,0.0,0.83596,class1_2026_04_27_14_45_04.csv,1,0,-1.277786639565463,0.4160485639839381
0.83596,125.4,-4.337346320780799,0.0,0.0,0,0.0,0.83596,class1_2026_04_27_14_45_10.csv,1,0,-1.277786639565463,0.4160485639839381
0.83596,125.4,-4.337346320780799,0.0,0.0,0,0.0,0.83596,class1_2026_04_27_14_45_19.csv,1,0,-1.277786639565463,0.4160485639839381
0.83596,125.4,-4.337346320780799,0.0,0.0,0,0.0,0.83596,class1_2026_04_27_14_45_26.csv,1,0,-1.277786639565463,0.4160485639839381
0.83596,125.4,-4.337346320780799,0.0,0.0,0,0.0,0.83596,class1_2026_04_27_14_45_33.csv,1,0,-1.277786639565463,0.4160485639839381
0.83596,125.4,-4.337346320780799,0.0,0.0,0,0.0,0.83596,class1_2026_04_27_14_45_40.csv,1,0,-1.277786639565463,0.4160485639839381
0.83596,125.4,-4.337346320780799,0.0,0.0,0,0.0,0.83596,class1_2026_04_27_14_45_49.csv,1,0,-1.277786639565463,0.4160485639839381
0.83596,125.4,-4.052610590269703,0.0,0.0,0,0.0,0.83596,class1_2026_04_27_14_46_10.csv,1,0,-1.2734987509634876,0.3968572690106353
0.83596,125.4,-4.1143299995147995,0.0,0.0,0,0.0,0.83596,class1_2026_04_27_14_46_27.csv,1,0,-1.2744281950868073,0.40101718033007006
0.83596,125.4,-3.6311312534894835,0.0,0.0,0,0.0,0.83596,class1_2026_04_27_14_46_34.csv,1,0,-1.2671516148281523,0.3684494037146921
0.83596,125.4,-3.92950566775304,0.0,0.0,0,0.0,0.83596,class1_2026_04_27_14_46_41.csv,1,0,-1.271644890918741,0.3885599510855469
0.83596,125.4,-3.8300284027630846,0.0,0.0,0,0.0,0.83596,class1_2026_04_27_14_46_48.csv,1,0,-1.2701468441862833,0.38185514613489024
0.83596,125.4,-3.926310885117928,0.56,0.56,1,0.0,0.14039333333333334,class1_2026_04_27_14_46_55.csv,1,1,0.26263757643849045,-0.014981517540953422
0.83596,125.4,-4.188545213643709,0.0,0.0,0,0.0,0.83596,class1_2026_04_27_14_47_01.csv,1,0,-1.2755458158721766,0.4060193135828872
0.83596,125.4,-3.909918222092316,0.0,0.0,0,0.0,0.83596,class1_2026_04_27_14_47_07.csv,1,0,-1.2713499199123286,0.3872397499054079
0.83596,125.4,-4.149757726567013,0.0,0.0,0,0.0,0.83596,class1_2026_04_27_14_47_13.csv,1,0,-1.2749617078523054,0.4034050224139289
0.83596,125.4,-3.9163745240122405,0.0,0.0,0,0.0,0.83596,class1_2026_04_27_14_47_19.csv,1,0,-1.2714471465700565,0.3876749070750387
0.83596,125.4,-4.129522758147678,0.0,0.0,0,0.0,0.83596,class1_2026_04_27_14_47_25.csv,1,0,-1.2746569856796057,0.40204117795712724
0.83596,125.4,-3.9869792831482727,0.0,0.0,0,0.0,0.83596,class1_2026_04_27_14_47_31.csv,1,0,-1.272510396838652,0.3924336943079103
0.83596,125.4,-3.9282915593482106,0.0,0.0,0,0.0,0.83596,class1_2026_04_27_14_47_36.csv,1,0,-1.2716266074332743,0.3884781197239372
0.83596,125.4,-4.034766831450125,0.0,0.0,0,0.0,0.83596,class1_2026_04_27_14_47_43.csv,1,0,-1.273230038463228,0.395654592977233
0.83596,125.4,-4.257727228636522,0.0,0.0,0,0.0,0.83596,class1_2026_04_27_14_47_50.csv,1,0,-1.276587640770713,0.4106822073271719
0.83596,125.4,-4.2118714779230055,0.0,0.0,0,0.0,0.83596,class1_2026_04_27_14_47_57.csv,1,0,-1.2758970904472022,0.4075915125394623
0.83596,125.4,-4.05196107903101,0.0,0.0,0,0.0,0.83596,class1_2026_04_27_14_48_13.csv,1,0,-1.2734889698523069,0.39681349170966973
0.83596,125.4,-4.198175718571884,0.0,0.0,0,0.0,0.83596,class1_2026_04_27_14_48_20.csv,1,0,-1.2756908434464775,0.40666841322516495
0.83596,125.4,-4.0202190749527045,0.0,0.0,0,0.0,0.83596,class1_2026_04_27_14_48_26.csv,1,0,-1.273010961078182,0.394674068735893
0.83596,125.4,-4.144649418386158,0.0,0.0,0,0.0,0.83596,class1_2026_04_27_14_48_32.csv,1,0,-1.2748847808843244,0.40306072052762415
0.83596,125.4,-3.850718956573555,0.0,0.0,0,0.0,0.83596,class1_2026_04_27_14_48_38.csv,1,0,-1.2704584271045676,0.38324969721783647
0.83596,125.4,-4.203479982046783,0.0,0.0,0,0.0,0.83596,class1_2026_04_27_14_48_45.csv,1,0,-1.2757707213418688,0.40702592257174464
0.83596,125.4,-4.269982851582001,0.0,0.0,0,0.0,0.83596,class1_2026_04_27_14_48_51.csv,1,0,-1.276772200488047,0.41150824090787524
0.83596,125.4,-4.513456156636919,0.0,0.0,0,0.0,0.83596,class1_2026_04_27_14_48_58.csv,1,0,-1.2804387105103625,0.4279184329376801
0.83596,125.4,-3.897150139973811,0.0,0.0,0,0.0,0.83596,class1_2026_04_27_14_49_08.csv,1,0,-1.271157642976495,0.38637917638434066
0.83596,125.4,-3.6006546804964095,0.0,0.0,0,0.0,0.83596,class1_2026_04_27_14_49_15.csv,1,0,-1.2666926624173338,0.3663952712704231
0.83596,125.4,-3.6833034203189756,0.0,0.0,0,0.0,0.83596,class1_2026_04_27_14_49_22.csv,1,0,-1.2679372852429154,0.37196582731640837
0.83596,125.4,-3.718466993092023,0.0,0.0,0,0.0,0.83596,class1_2026_04_27_14_49_30.csv,1,0,-1.2684668200597353,0.3743358653028298
0.83596,125.4,-3.980629521804285,0.0,0.0,0,0.0,0.83596,class1_2026_04_27_14_49_38.csv,1,0,-1.2724147745953764,0.39200571801303574
0.83596,125.4,-3.96025164822582,0.0,0.0,0,0.0,0.83596,class1_2026_04_27_14_49_44.csv,1,0,-1.272107900387167,0.39063224169493893
0.83596,125.4,-3.669911807201608,0.0,0.0,0,0.0,0.83596,class1_2026_04_27_14_49_51.csv,1,0,-1.2677356184371902,0.3710632275722792
0.83596,125.4,-3.951344274204766,0.0,0.0,0,0.0,0.83596,class1_2026_04_27_14_49_57.csv,1,0,-1.271973762576398,0.39003188134687605
0.83596,125.4,-4.0555480460746285,0.0,0.0,0,0.0,0.83596,class1_2026_04_27_14_50_03.csv,1,0,-1.2735429866596615,0.3970552546330304
0.83596,125.4,-3.973486996927071,0.0,0.0,0,0.0,0.83596,class1_2026_04_27_14_50_09.csv,1,0,-1.2723072139778335,0.3915243091588441
0.83596,125.4,-3.4550418334622597,0.0,0.0,0,0.0,0.83596,class1_2026_04_27_14_50_14.csv,1,0,-1.2644998513290373,0.3565809107954708
0.83596,125.4,-3.8445660096851393,0.0,0.0,0,0.0,0.83596,class1_2026_04_27_14_50_20.csv,1,0,-1.2703657687269765,0.38283498629104584
0.83596,125.4,-4.145400749790031,0.0,0.0,0,0.0,0.83596,class1_2026_04_27_14_50_26.csv,1,0,-1.2748960953244097,0.4031113605458915
0.83596,125.4,-4.124510137692055,0.0,0.0,0,0.0,0.83596,class1_2026_04_27_14_50_32.csv,1,0,-1.2745814996909695,0.40170332545937293
0.83596,125.4,-4.165529581284231,0.0,0.0,0,0.0,0.83596,class1_2026_04_27_14_50_38.csv,1,0,-1.2751992191613097,0.4044680513341522
0.83596,125.4,-3.93398822427118,0.0,0.0,0,0.0,0.83596,class1_2026_04_27_14_50_47.csv,1,0,-1.271712394575438,0.3888620770752136
0.83596,125.4,-4.317340580977739,0.0,0.0,0,0.0,0.83596,class1_2026_04_27_14_50_55.csv,1,0,-1.277485369389354,0.4147001696218027
0.83596,125.4,-3.7849753378194344,0.0,0.0,0,0.0,0.83596,class1_2026_04_27_14_51_03.csv,1,0,-1.2694683816578567,0.3788185526689667
0.83596,125.4,-4.332469569994888,0.0,0.0,0,0.0,0.83596,class1_2026_04_27_14_51_12.csv,1,0,-1.2777131996635862,0.4157198691528548
0.83596,125.4,-4.5829222650861166,0.0,0.0,0,0.0,0.83596,class1_2026_04_27_14_51_19.csv,1,0,-1.2814848136253747,0.4326004746874212
0.83596,125.4,-4.297153106016555,0.0,0.0,0,0.0,0.83596,class1_2026_04_27_14_51_26.csv,1,0,-1.27718136242952,0.4133395262418839
0.83596,125.4,-4.2922097425583825,0.0,0.0,0,0.0,0.83596,class1_2026_04_27_14_51_34.csv,1,0,-1.2771069193949574,0.4130063416917196
0.83596,125.4,-4.295522570220727,0.0,0.0,0,0.0,0.83596,class1_2026_04_27_14_51_42.csv,1,0,-1.2771568078861142,0.41322962751801773
0.83596,125.4,-4.42272404100197,0.0,0.0,0,0.0,0.83596,class1_2026_04_27_14_51_49.csv,1,0,-1.279072358617097,0.4218030543317827
0.83596,125.4,-4.256757085725445,0.0,0.0,0,0.0,0.83596,class1_2026_04_27_14_52_12.csv,1,0,-1.2765730312072303,0.41061681933129474
0.83596,125.4,-4.4906489786386565,0.0,0.0,0,0.0,0.83596,class1_2026_04_27_14_52_19.csv,1,0,-1.2800952529526952,0.42638122059103284
0.83596,125.4,-4.0496039703717,0.0,0.0,0,0.0,0.83596,class1_2026_04_27_14_52_26.csv,1,0,-1.2734534737123047,0.3966546217024397
0.83596,125.4,-4.2000428159380165,0.0,0.0,0,0.0,0.83596,class1_2026_04_27_14_52_32.csv,1,0,-1.2757189604147998,0.4067942562875478
0.83596,125.4,-4.231236596376889,0.0,0.0,0,0.0,0.83596,class1_2026_04_27_14_52_40.csv,1,0,-1.276188713386639,0.40889672878251804
0.83596,125.4,-4.247651796699961,0.0,0.0,0,0.0,0.83596,class1_2026_04_27_14_52_47.csv,1,0,-1.276435912957406,0.4100031194377423
0.83596,125.4,-3.8722029657254953,0.0,0.0,0,0.0,0.83596,class1_2026_04_27_14_52_54.csv,1,0,-1.2707819588151892,0.38469772748823466
0.83596,125.4,-4.718511101795042,0.0,0.0,0,0.0,0.83596,class1_2026_04_27_14_53_20.csv,1,0,-1.2835266712680236,0.4417392131088241
0.83596,125.4,-4.022153943801675,0.0,0.0,0,0.0,0.83596,class1_2026_04_27_14_53_29.csv,1,0,-1.2730400986299353,0.3948044796216241
0.83596,125.4,-4.34635621883143,0.0,0.0,0,0.0,0.83596,class1_2026_04_27_14_53_36.csv,1,0,-1.277922321304762,0.4166558344900269
0.83596,125.4,-4.177839826304893,0.0,0.0,0,0.0,0.83596,class1_2026_04_27_14_53_42.csv,1,0,-1.2753846014426864,0.40529776646319865
0.83596,125.4,-4.306161679897261,0.0,0.0,0,0.0,0.83596,class1_2026_04_27_14_53_48.csv,1,0,-1.2773170242278964,0.4139467074984234
0.83596,125.4,-4.302391724691483,0.0,0.0,0,0.0,0.83596,class1_2026_04_27_14_53_56.csv,1,0,-1.277260251767595,0.4136926111043377
0.83596,125.4,-4.180641787512242,0.0,0.0,0,0.0,0.83596,class1_2026_04_27_14_54_03.csv,1,0,-1.2754267967003825,0.40548661969892524
0.83596,125.4,-3.7315763535636637,0.0,0.0,0,0.0,0.83596,class1_2026_04_27_14_54_10.csv,1,0,-1.2686642363700968,0.37521944111283095
0.83596,125.4,-4.070926097623469,0.0,0.0,0,0.0,0.83596,class1_2026_04_27_14_54_16.csv,1,0,-1.273774567613125,0.3980917410720829
0.83596,125.4,-3.8019157798210474,0.0,0.0,0,0.0,0.83596,class1_2026_04_27_14_54_22.csv,1,0,-1.269723490941264,0.37996034481021823
0.83596,125.4,-4.123528193537391,0.0,0.0,0,0.0,0.83596,class1_2026_04_27_14_54_30.csv,1,0,-1.274566712410353,0.4016371420552542
0.83596,125.4,-3.725525743881646,0.0,0.0,0,0.0,0.83596,class1_2026_04_27_14_54_38.csv,1,0,-1.2685731191076304,0.37481162775211396
0.83596,125.4,-4.239941333157603,0.0,0.0,0,0.0,0.83596,class1_2026_04_27_14_54_45.csv,1,0,-1.2763197996453188,0.4094834313046208
0.83596,125.4,-3.772893899147027,0.0,0.0,0,0.0,0.83596,class1_2026_04_27_14_54_53.csv,1,0,-1.2692864450140575,0.3780042591735636
0.83596,125.4,-4.175906690417223,0.0,0.0,0,0.0,0.83596,class1_2026_04_27_14_54_59.csv,1,0,-1.2753554899879211,0.40516747237970885
0.83596,125.4,-4.350749987727856,0.0,0.0,0,0.0,0.83596,class1_2026_04_27_14_55_05.csv,1,0,-1.2779884878920633,0.41695197616070684
0.83596,125.4,-3.9208740575471017,0.0,0.0,0,0.0,0.83596,class1_2026_04_27_14_55_11.csv,1,0,-1.2715149058868227,0.3879781773219964
0.83596,125.4,-4.535079850273289,0.0,0.0,0,0.0,0.83596,class1_2026_04_27_14_55_18.csv,1,0,-1.2807643457557516,0.4293758779946914
0.83596,125.4,-4.424050220656596,0.0,0.0,0,0.0,0.83596,class1_2026_04_27_14_55_27.csv,1,0,-1.2790923298044679,0.42189243933764004
0.83596,125.4,-4.345795064404491,0.0,0.0,0,0.0,0.83596,class1_2026_04_27_14_55_34.csv,1,0,-1.277913870775329,0.4166180124712952
0.83596,125.4,-3.903913948729746,0.0,0.0,0,0.0,0.83596,class1_2026_04_27_14_55_42.csv,1,0,-1.27125950043716,0.3868350596299915
0.83596,125.4,-3.8906589493477557,0.0,0.0,0,0.0,0.83596,class1_2026_04_27_14_55_50.csv,1,0,-1.2710598909232182,0.3859416677028381
0.83596,125.4,-4.270618010249383,0.0,0.0,0,0.0,0.83596,class1_2026_04_27_14_55_56.csv,1,0,-1.2767817654611728,0.4115510508401542
0.83596,125.4,-4.262032420881259,0.0,0.0,0,0.0,0.83596,class1_2026_04_27_14_56_01.csv,1,0,-1.2766524734656557,0.41097237889832394
0.83596,125.4,-3.7068351824089367,0.0,0.0,0,0.0,0.83596,class1_2026_04_27_14_56_11.csv,1,0,-1.268291654447893,0.3735518769024558
0.83596,125.4,-3.906040703759119,0.0,0.0,0,0.0,0.83596,class1_2026_04_27_14_56_21.csv,1,0,-1.2712915276387806,0.3869784037162127
0.83596,125.4,-4.170145758066797,0.0,0.0,0,0.0,0.83596,class1_2026_04_27_14_56_28.csv,1,0,-1.2752687350305514,0.40477918337973046
0.83596,125.4,-3.9658153832326284,0.0,0.0,0,0.0,0.83596,class1_2026_04_27_14_56_35.csv,1,0,-1.2721916857128697,0.3910072395200355
0.83596,125.4,-4.028795665390444,0.0,0.0,0,0.0,0.83596,class1_2026_04_27_14_56_43.csv,1,0,-1.2731401175571238,0.395252134146442
0.83596,125.4,-4.189622805661658,0.0,0.0,0,0.0,0.83596,class1_2026_04_27_14_56_52.csv,1,0,-1.2755620435318493,0.4060919436888462
0.83596,125.4,-4.372706984918301,0.0,0.0,0,0.0,0.83596,class1_2026_04_27_14_57_21.csv,1,0,-1.2783191424179898,0.4184318860022059
0.83596,125.4,-4.195814703179984,0.0,0.0,0,0.0,0.83596,class1_2026_04_27_14_57_29.csv,1,0,-1.2756552884742587,0.40650927990269387
0.83596,125.4,-4.249867550114075,0.0,0.0,0,0.0,0.83596,class1_2026_04_27_14_57_36.csv,1,0,-1.2764692804023423,0.4101524620484573
0.83596,125.4,-4.076118651697826,0.0,0.0,0,0.0,0.83596,class1_2026_04_27_14_57_42.csv,1,0,-1.2738527632557672,0.39844172116319027
0.83596,125.4,-4.304507759683179,0.0,0.0,0,0.0,0.83596,class1_2026_04_27_14_57_48.csv,1,0,-1.277292117534164,0.413835232656001
0.83596,125.4,-4.437729137628323,0.0,0.0,0,0.0,0.83596,class1_2026_04_27_14_57_54.csv,1,0,-1.2792983231726522,0.4228144034692526
0.83596,125.4,-4.190558312255692,0.0,0.0,0,0.0,0.83596,class1_2026_04_27_14_58_00.csv,1,0,-1.2755761315005578,0.40615499718397075
0.83596,125.4,-4.406916425326314,0.0,0.0,0,0.0,0.83596,class1_2026_04_27_14_58_09.csv,1,0,-1.2788343087771334,0.4207376151095552
0.83596,125.4,-4.104646682283061,0.0,0.0,0,0.0,0.83596,class1_2026_04_27_14_58_15.csv,1,0,-1.274282372202153,0.4003645211187347
0.83596,125.4,-4.017944234519985,0.0,0.0,0,0.0,0.83596,class1_2026_04_27_14_58_21.csv,1,0,-1.272976703830785,0.39452074363797446
0.83596,125.4,-4.332540986574596,0.0,0.0,0,0.0,0.83596,class1_2026_04_27_14_58_27.csv,1,0,-1.2777142751392125,0.41572468265709855
0.83596,125.4,-4.1756188746552185,0.0,0.0,0,0.0,0.83596,class1_2026_04_27_14_58_33.csv,1,0,-1.2753511557165491,0.4051480734894583
0.83596,125.4,-4.133942317311331,0.0,0.0,0,0.0,0.83596,class1_2026_04_27_14_58_39.csv,1,0,-1.2747235406473632,0.40233905790148616
0.83596,125.4,-3.9852597438213895,0.0,0.0,0,0.0,0.83596,class1_2026_04_27_14_58_46.csv,1,0,-1.272484501974431,0.39231779671268696
0.83596,125.4,-4.131201805556422,0.0,0.0,0,0.0,0.83596,class1_2026_04_27_14_58_53.csv,1,0,-1.2746822707684606,0.4021543463818892
0.83596,125.4,-3.844388671442025,0.0,0.0,0,0.0,0.83596,class1_2026_04_27_14_58_59.csv,1,0,-1.270363098157217,0.38282303362698245
0.83596,125.4,-4.080417010815276,0.0,0.0,0,0.0,0.83596,class1_2026_04_27_14_59_05.csv,1,0,-1.2739174930493686,0.3987314321790017
0.83596,125.4,-3.765009409100475,0.0,0.0,0,0.0,0.83596,class1_2026_04_27_14_59_45.csv,1,0,-1.2691677110043065,0.3774728415888234
0.83596,125.4,-3.7205210193575047,0.0,0.0,0,0.0,0.83596,class1_2026_04_27_14_59_52.csv,1,0,-1.2684977520253027,0.37447430744310145
0.83596,125.4,-3.906561519248805,0.0,0.0,0,0.0,0.83596,class1_2026_04_27_15_00_00.csv,1,0,-1.2712993706966151,0.38701350687545194
0.83596,125.4,-3.8596811562905686,0.0,0.0,0,0.0,0.83596,class1_2026_04_27_15_00_07.csv,1,0,-1.2705933905457425,0.38385375283835915
0.83596,125.4,-3.704043132442148,0.0,0.0,0,0.0,0.83596,class1_2026_04_27_15_00_15.csv,1,0,-1.2682496084454218,0.37336369168805833
0.83596,125.4,-3.8051269594024952,0.0,0.0,0,0.0,0.83596,class1_2026_04_27_15_00_20.csv,1,0,-1.2697718486949658,0.38017677951775986
0.83596,125.4,-3.7211179917778554,0.0,0.0,0,0.0,0.83596,class1_2026_04_27_15_00_27.csv,1,0,-1.2685067419445948,0.3745145436080159
0.83596,125.4,-3.2874523101632502,0.0,0.0,0,0.0,0.83596,class1_2026_04_27_15_00_40.csv,1,0,-1.2619760893639533,0.34528531410202684
0.83596,125.4,-3.7916025810958334,0.0,0.0,0,0.0,0.83596,class1_2026_04_27_15_01_04.csv,1,0,-1.2695681825534324,0.3792652313501035
0.83596,125.4,-3.7807430299340976,0.0,0.0,0,0.0,0.83596,class1_2026_04_27_15_01_14.csv,1,0,-1.2694046465421092,0.3785332935309599
0.83596,125.4,-3.840299942958258,0.0,0.0,0,0.0,0.83596,class1_2026_04_27_15_01_31.csv,1,0,-1.2703015252305223,0.38254745179446403
0.83596,125.4,-4.0196768441734,0.0,0.0,0,0.0,0.83596,class1_2026_04_27_15_01_38.csv,1,0,-1.273002795523497,0.3946375221781057
0.83596,125.4,-4.248429283788587,0.0,0.0,0,0.0,0.83596,class1_2026_04_27_15_01_43.csv,1,0,-1.2764476212808382,0.41005552235896675
0.83596,125.4,-3.6580439886149234,0.0,0.0,0,0.0,0.83596,class1_2026_04_27_15_01_49.csv,1,0,-1.267556898738202,0.37026333215073204
0.83596,125.4,-3.8684790206471984,0.0,0.0,0,0.0,0.83596,class1_2026_04_27_15_01_55.csv,1,0,-1.27072587923,0.3844467321939887
0.83596,125.4,-3.9316642922358263,0.0,0.0,0,0.0,0.83596,class1_2026_04_27_15_02_01.csv,1,0,-1.271677398048419,0.3887054431848749
0.83596,125.4,-4.167689036812086,0.0,0.0,0,0.0,0.83596,class1_2026_04_27_15_02_09.csv,1,0,-1.2752317388058507,0.4046135994462293
0.83596,125.4,-4.003641495860126,0.0,0.0,0,0.0,0.83596,class1_2026_04_27_15_02_15.csv,1,0,-1.272761316215165,0.39355673369073424
0.83596,125.4,-3.977730348391417,0.0,0.0,0,0.0,0.83596,class1_2026_04_27_15_02_21.csv,1,0,-1.272371115400902,0.391810312638216
0.83596,125.4,-3.636147995393789,0.0,0.0,0,0.0,0.83596,class1_2026_04_27_15_02_27.csv,1,0,-1.267227162882455,0.3687875339996326
0.83596,125.4,-3.893914053396678,0.0,0.0,0,0.0,0.83596,class1_2026_04_27_15_02_33.csv,1,0,-1.271108910143688,0.38616106293595315
0.83596,125.4,-3.8740237729204487,0.0,0.0,0,0.0,0.83596,class1_2026_04_27_15_02_39.csv,1,0,-1.270809378691169,0.38482045057572756
0.83596,125.4,-3.9292575379478416,0.0,0.0,0,0.0,0.83596,class1_2026_04_27_15_02_45.csv,1,0,-1.2716411542856123,0.38854322704366184
0.83596,125.4,-3.977756871191046,0.0,0.0,0,0.0,0.83596,class1_2026_04_27_15_02_51.csv,1,0,-1.2723715148127006,0.39181210028485336
0.83596,125.4,-3.769261924025457,0.0,0.0,0,0.0,0.83596,class1_2026_04_27_15_02_57.csv,1,0,-1.269231750421642,0.3777594626888771
0.83596,125.4,-3.7154901893537997,0.0,0.0,0,0.0,0.83596,class1_2026_04_27_15_03_03.csv,1,0,-1.2684219918156772,0.3741352276149803
0.83596,125.4,-3.90292960609096,0.0,0.0,0,0.0,0.83596,class1_2026_04_27_15_03_09.csv,1,0,-1.271244677037323,0.3867687145671438
0.83596,125.4,-3.741468276289681,0.0,0.0,0,0.0,0.83596,class1_2026_04_27_15_03_15.csv,1,0,-1.2688132006838917,0.37588616041267914
0.83596,125.4,-3.526660018781138,0.0,0.0,0,0.0,0.83596,class1_2026_04_27_15_03_22.csv,1,0,-1.2655783629719974,0.3614080033329621
0.83596,125.4,-3.7258649926987775,0.0,0.0,0,0.0,0.83596,class1_2026_04_27_15_03_31.csv,1,0,-1.2685782279189959,0.3748344932495605
0.83596,125.4,-3.774910607754518,0.0,0.0,0,0.0,0.83596,class1_2026_04_27_15_04_18.csv,1,0,-1.2693168150060359,0.3781401860896977
0.83596,125.4,-3.9723338289913905,0.0,0.0,0,0.0,0.83596,class1_2026_04_27_15_04_42.csv,1,0,-1.2722898482062857,0.3914465852076994
0.83596,125.4,-3.5308504603729265,0.0,0.0,0,0.0,0.83596,class1_2026_04_27_15_04_49.csv,1,0,-1.2656414676154029,0.3616904406670896
0.83596,125.4,-3.3199090136767624,0.0,0.0,0,0.0,0.83596,class1_2026_04_27_15_04_54.csv,1,0,-1.2624648609304985,0.3474729080856508
0.83596,125.4,-3.348876474371916,0.0,0.0,0,0.0,0.83596,class1_2026_04_27_15_05_00.csv,1,0,-1.2629010873370683,0.34942532579532976
0.83596,125.4,-3.634478055227168,0.0,0.0,0,0.0,0.83596,class1_2026_04_27_15_05_06.csv,1,0,-1.267202014941262,0.36867497940640376
0.83596,125.4,-3.3815360428543366,0.0,0.0,0,0.0,0.83596,class1_2026_04_27_15_05_13.csv,1,0,-1.2633929138851094,0.3516265929539047
0.83596,125.4,-3.9284816234391005,0.0,0.0,0,0.0,0.83596,class1_2026_04_27_15_05_21.csv,1,0,-1.2716294696439547,0.38849093011491115
0.83596,125.4,-4.278889951999218,0.0,0.0,0,0.0,0.83596,class1_2026_04_27_15_05_29.csv,1,0,-1.2769063341785645,0.4121085828149369
0.83596,125.4,-3.7240239830616377,0.0,0.0,0,0.0,0.83596,class1_2026_04_27_15_05_35.csv,1,0,-1.2685505038106621,0.37471040850989107
0.83596,125.4,-3.8601100094099556,0.0,0.0,0,0.0,0.83596,class1_2026_04_27_15_05_41.csv,1,0,-1.2705998487250487,0.3838826576993669
0.83596,125.4,-4.421345194532382,0.0,0.0,0,0.0,0.83596,class1_2026_04_27_15_05_47.csv,1,0,-1.2790515943103125,0.4217101195628541
0.83596,125.4,-3.8021782127825237,0.0,0.0,0,0.0,0.83596,class1_2026_04_27_15_05_53.csv,1,0,-1.2697274429682972,0.3799780328901981
0.83596,125.4,-4.036489213000221,0.0,0.0,0,0.0,0.83596,class1_2026_04_27_15_05_59.csv,1,0,-1.2732559761290196,0.39577068213936634
0.83596,125.4,-3.739842681193809,0.0,0.0,0,0.0,0.83596,class1_2026_04_27_15_06_05.csv,1,0,-1.2687887205434103,0.37577659469384206
0.83596,125.4,-4.05542319176196,0.0,0.0,0,0.0,0.83596,class1_2026_04_27_15_06_41.csv,1,0,-1.2735411064552233,0.3970468394055533
0.83596,125.4,-4.257677239964868,0.0,0.0,0,0.0,0.83596,class1_2026_04_27_15_06_55.csv,1,0,-1.2765868879819602,0.4106788380719635
0.83596,125.4,-4.162684780511658,0.0,0.0,0,0.0,0.83596,class1_2026_04_27_15_07_01.csv,1,0,-1.2751563787745914,0.40427631069567055
0.83596,125.4,-4.562341160890466,0.0,0.0,0,0.0,0.83596,class1_2026_04_27_15_07_08.csv,1,0,-1.2811748789293034,0.43121330054954243
0.83596,125.4,-3.9979335174619957,0.0,0.0,0,0.0,0.83596,class1_2026_04_27_15_07_14.csv,1,0,-1.2726753587012636,0.393172013806991
0.83596,125.4,-3.8362206194921553,0.0,0.0,0,0.0,0.83596,class1_2026_04_27_15_07_21.csv,1,0,-1.270240093935747,0.3822725038636618
0.83596,125.4,-4.09866470616555,0.0,0.0,0,0.0,0.83596,class1_2026_04_27_15_07_27.csv,1,0,-1.274192288505367,0.39996133368599374
0.83596,125.4,-3.864138235849661,0.0,0.0,0,0.0,0.83596,class1_2026_04_27_15_07_33.csv,1,0,-1.27066051054015,0.3841541616714356
0.83596,125.4,-4.1758001035758205,0.0,0.0,0,0.0,0.83596,class1_2026_04_27_15_07_53.csv,1,0,-1.2753538848767483,0.40516028838664286
0.83596,125.4,-4.461669438460577,0.0,0.0,0,0.0,0.83596,class1_2026_04_27_15_07_59.csv,1,0,-1.2796588446389334,0.4244279887196765
0.83596,125.4,-3.667812863659259,0.0,0.0,0,0.0,0.83596,class1_2026_04_27_15_08_05.csv,1,0,-1.2677040100539527,0.37092175799070887
0.83596,125.4,-4.47795443837817,0.0,0.0,0,0.0,0.83596,class1_2026_04_27_15_08_11.csv,1,0,-1.2799040834974513,0.4255256038187642
0.83596,125.4,-3.933559106089064,0.0,0.0,0,0.0,0.83596,class1_2026_04_27_15_08_23.csv,1,0,-1.2717059324045026,0.38883315434887844
0.83596,125.4,-3.9110821022818776,0.0,0.0,0,0.0,0.83596,class1_2026_04_27_15_08_30.csv,1,0,-1.2713674470017104,0.3873181958664798
0.83596,125.4,-3.358485296972606,0.52,0.52,1,0.0,0.14039333333333334,class1_2026_04_27_15_08_43.csv,1,1,0.2569516002998494,-0.05863793287596994
0.83596,125.4,-3.949762682760785,0.0,0.0,0,0.0,0.83596,class1_2026_04_27_15_08_59.csv,1,0,-1.2719499450951375,0.3899252814906718
0.8466,127.0,-3.2162028320530998,0.0,0.0,0,0.0,0.8466,class1_2026_04_27_16_11_10.csv,1,0,-1.2789859498052727,0.3994474880836082
0.8466,127.0,-2.8339990254119085,0.0,0.0,0,0.0,0.8466,class1_2026_04_27_16_11_16.csv,1,0,-1.2732302712215324,0.3736868082419737
0.8466,127.0,-2.9636225452079925,0.57,0.57,1,0.0,0.14252,class1_2026_04_27_16_11_22.csv,1,1,0.2736810787078734,-0.026597354383579117
0.8466,127.0,-2.5825583706127775,0.78,0.78,1,0.0,0.14039333333333334,class1_2026_04_27_16_11_28.csv,1,1,0.3569289534150995,-0.02577008725622218
0.8466,127.0,-2.589556526065571,0.59,0.59,1,0.0,0.14252,class1_2026_04_27_16_11_35.csv,1,1,0.2864326927457788,-0.04911716537859771
0.8466,127.0,-2.566668144779366,0.67,0.67,1,0.0,0.14039333333333334,class1_2026_04_27_16_11_41.csv,1,1,0.3180165857500327,-0.04164917848659386
0.8466,127.0,-2.788897889243955,0.67,0.67,1,0.0,0.14039333333333334,class1_2026_04_27_16_11_47.csv,1,1,0.3146699864784935,-0.026670810403999407
0.8466,127.0,-3.533373633869265,0.0,0.0,0,0.0,0.8466,class1_2026_04_27_16_11_53.csv,1,0,-1.2837622842103218,0.4208249190215767
0.8466,127.0,-2.6929617559620493,0.74,0.74,1,0.0,0.14252,class1_2026_04_27_16_12_01.csv,1,1,0.33826412343744994,-0.021954772230960526
0.8466,127.0,-3.0045648134063785,0.0,0.0,0,0.0,0.8466,class1_2026_04_27_16_12_08.csv,1,0,-1.275798853313129,0.3851830062915828
0.8466,127.0,-3.13420282924377,0.0,0.0,0,0.0,0.8466,class1_2026_04_27_16_12_15v.csv,1,0,-1.2777510964316658,0.39392065715550245
0.8466,127.0,-2.715328663671389,0.0,0.0,0,0.0,0.8466,class1_2026_04_27_16_12_29.csv,1,0,-1.2714431920566307,0.36568838137554954
0.8466,127.0,-2.3573108634592312,0.63,0.63,1,0.0,0.14252,class1_2026_04_27_16_12_37.csv,1,1,0.3041670914364767,-0.059385852261253355
0.83596,125.4,-4.613458297756372,0.0,0.0,0,0.0,0.83596,class1_2026_04_27_16_12_52v.csv,1,0,-1.281944661450589,0.43465861473622147
0.83596,125.4,-3.3678201084346524,0.61,0.61,1,0.0,0.14039333333333334,class1_2026_04_27_16_13_07.csv,1,1,0.2888442032579738,-0.045893057950254085
0.83596,125.4,-3.558465706740189,0.7,0.7,1,0.0,0.14252,class1_2026_04_27_16_13_13.csv,1,1,0.3152411362572122,-0.019168924720725164
0.83596,125.4,-3.3734053020870376,0.83,0.83,1,0.0,0.14252,class1_2026_04_27_16_13_19.csv,1,1,0.36429814095553664,-0.014141602395434702
0.83596,125.4,-3.4961166421647674,0.65,0.65,1,0.0,0.14252,class1_2026_04_27_16_13_27.csv,1,1,0.29838385268385736,-0.030102222342069093
0.8466,127.0,-2.4993819309544425,0.0,0.0,0,0.0,0.8466,class1_2026_04_27_16_13_35.csv,1,0,-1.2681912098337156,0.35113349064001403
0.83596,125.4,-3.4612010178441524,0.74,0.74,1,0.0,0.14252,class1_2026_04_27_16_13_43.csv,1,1,0.3309428312278077,-0.02033984337595028
0.83596,125.4,-3.619521599380857,0.7,0.7,1,0.0,0.14039333333333334,class1_2026_04_27_16_13_50.csv,1,1,0.31708696107515516,-0.016812577973035453
0.8466,127.0,-2.975640985528419,0.66,0.66,1,0.0,0.14252,class1_2026_04_27_16_13_56.csv,1,1,0.30553326839726913,-0.013671601866815583
0.83596,125.4,-3.689130119737686,0.62,0.62,1,0.0,0.14039333333333334,class1_2026_04_27_16_14_05.csv,1,1,0.28756477768216976,-0.0228904532819125
0.83596,125.4,-3.7891299451762985,0.0,0.0,0,0.0,0.83596,class1_2026_04_27_16_14_13.csv,1,0,-1.2695309466668185,0.3790985747622274
0.8466,127.0,-2.818700840851687,0.75,0.75,1,0.0,0.14039333333333334,class1_2026_04_27_16_14_21.csv,1,1,0.3426951139284918,-0.013892564619040622
0.83596,125.4,-3.3494820383762445,0.68,0.68,1,0.0,0.14039333333333334,class1_2026_04_27_16_14_31.csv,1,1,0.3140350533952251,-0.03770572453119722
0.8466,127.0,-2.843591820369752,0.7,0.7,1,0.0,0.14039333333333334,class1_2026_04_27_16_14_47.csv,1,1,0.3245240662201166,-0.018945850565429773
0.83596,125.4,-4.373004719813796,0.0,0.0,0,0.0,0.83596,class1_2026_04_27_16_14_54.csv,1,0,-1.2783236260634476,0.418451953445772
0.83596,125.4,-3.295168494393602,0.75,0.75,1,0.0,0.14039333333333334,class1_2026_04_27_16_15_03.csv,1,1,0.3397676649205308,-0.03194315154050334
0.8466,127.0,-2.7265528330237205,0.0,0.0,0,0.0,0.8466,class1_2026_04_27_16_15_14.csv,1,0,-1.2716122189214576,0.36644489459742113
0.8614866666666667,129.2,-1.5342170615781199,0.0,0.0,0,0.79,0.8614866666666667,class2_2026_04_27_15_12_17.csv,2,4,-0.8279459957072187,-0.7057805388291966
0.8614866666666667,129.2,-3.1968827434028175,1.58,1.58,1,0.79,0.8338333333333332,class2_2026_04_27_15_12_38.csv,2,4,0.17581365399160992,-0.30733847949020693
0.8380866666666666,125.7,-2.542900758590075,0.99,1.53,2,0.15,0.14039333333333334,class2_2026_04_27_15_13_13.csv,2,1,1.028273855325412,-0.11887357109675711
0.83596,125.4,-2.9962652779114785,1.71,1.71,1,0.37,0.80618,class2_2026_04_27_15_13_34.csv,2,0,0.031475276148473626,0.1245973153644301
0.8466,127.0,-2.918413153370334,1.96,1.96,1,0.25,0.8189466666666667,class2_2026_04_27_15_13_52.csv,2,0,0.03227266361629474,0.3769219744683961
0.8380866666666666,125.7,-2.9632627423186326,1.39,1.39,1,0.21,0.8274533333333334,class2_2026_04_27_15_14_19.csv,2,0,-0.20177787346136586,0.324507368397833
0.8614866666666667,129.2,-2.8949794471190695,1.25,1.25,1,0.77,0.8338333333333332,class2_2026_04_27_15_14_43.csv,2,4,0.051487095097905944,-0.34491213929303705
0.8380866666666666,125.7,-2.730523212354253,0.71,0.71,1,0.05,0.8274533333333334,class2_2026_04_27_15_15_03.csv,2,0,-0.5316453980668218,0.43487165517223225
0.83596,125.4,-2.4233974901377273,1.6,1.6,1,0.26,0.7976733333333333,class2_2026_04_27_15_15_26.csv,2,0,-0.05078731300064588,0.21373678678520824
0.83596,125.4,-3.33505630960955,1.18,1.18,1,0.29,0.8083066666666667,class2_2026_04_27_15_15_45.csv,2,0,-0.21070371182948092,0.18663871064752216
0.83596,125.4,-3.319467907172534,1.69,2.2,2,0.15,0.7785266666666666,class2_2026_04_27_15_16_03.csv,2,0,0.43256948600396167,0.5438327980809708
0.83596,125.4,-3.5747193422605488,1.29,1.29,1,0.3,0.7934199999999999,class2_2026_04_27_15_16_23.csv,2,0,-0.15009524603685392,0.1916887759660327
0.83596,125.4,-3.4327973325232426,1.12,1.12,1,0.34,0.8019266666666666,class2_2026_04_27_15_16_41.csv,2,0,-0.19669025206399215,0.11187535632215483
0.83596,125.4,-3.0911718548781377,1.19,1.19,1,0.31,0.78704,class2_2026_04_27_15_16_58.csv,2,0,-0.16440100662400603,0.1267595756992657
0.83596,125.4,-3.012758894292878,1.02,1.02,1,0.28,0.8104333333333334,class2_2026_04_27_15_17_19.csv,2,0,-0.2712723192736886,0.15873504984089865
0.83596,125.4,-2.847276571176875,1.02,1.02,1,0.28,0.8146933333333333,class2_2026_04_27_15_17_37.csv,2,0,-0.27431951245114794,0.15110467945283076
0.83596,125.4,-3.233885898371995,0.93,0.93,1,0.26,0.7891666666666667,class2_2026_04_27_15_17_53.csv,2,0,-0.29040071303210613,0.17113394233211202
0.83596,125.4,-3.465792557760538,1.2,1.2,1,0.0,0.7721466666666665,class2_2026_04_27_15_18_09.csv,2,0,-0.3240965236347153,0.5626222335200314
0.83596,125.4,-3.498838305693533,1.5,1.5,1,0.0,0.7806533333333333,class2_2026_04_27_15_18_27.csv,2,0,-0.22887801464983687,0.6122705863135203
0.83596,125.4,-2.5832759354630923,1.09,1.09,1,0.0,0.7827866666666666,class2_2026_04_27_15_18_47.csv,2,0,-0.3637932555478149,0.49713192843668735
0.83596,125.4,-2.951956737191934,1.46,1.46,1,0.0,0.7657666666666666,class2_2026_04_27_15_19_06.csv,2,0,-0.21552245225150793,0.557713902626474
0.83596,125.4,-3.252365835998886,1.3,1.3,1,0.0,0.7678933333333333,class2_2026_04_27_15_19_23.csv,2,0,-0.2797595172985757,0.5581814004530053
0.83596,125.4,-3.358496956504257,1.28,1.79,2,0.0,0.7593866666666667,class2_2026_04_27_15_19_40.csv,2,0,0.22530536894370543,0.6794324207943355
0.83596,125.4,-2.804382121059873,1.16,1.16,1,0.0,0.7508733333333333,class2_2026_04_27_15_19_54.csv,2,0,-0.30071175025537683,0.49506421765673786
0.83596,125.4,-3.1246491670266083,1.25,1.25,1,0.0,0.75726,class2_2026_04_27_15_20_11.csv,2,0,-0.281806033292423,0.5340480852720308
0.83596,125.4,-3.1702452267107524,1.38,1.38,1,0.0,0.7530066666666666,class2_2026_04_27_15_20_26.csv,2,0,-0.23069197357439783,0.5511040531504426
0.83596,125.4,-3.130695985807878,0.87,0.87,1,0.0,0.7423666666666666,class2_2026_04_27_15_20_40.csv,2,0,-0.39778268087723306,0.4709830269278485
0.83596,125.4,-2.943493254550767,1.16,1.16,1,0.0,0.74662,class2_2026_04_27_15_20_55.csv,2,0,-0.29727609698249696,0.500922673593866
0.83596,125.4,-2.481586559418027,1.26,1.26,1,0.0,0.74024,class2_2026_04_27_15_21_13.csv,2,0,-0.24643190734912535,0.4779753538718323
0.83596,125.4,-3.5070691786330412,1.07,1.07,1,0.0,0.7381133333333333,class2_2026_04_27_15_21_31.csv,2,0,-0.3267351621399879,0.519756823791288
0.83596,125.4,-3.1998868566627117,0.68,0.68,1,0.0,0.7317333333333332,class2_2026_04_27_15_21_50.csv,2,0,-0.4526238517518174,0.4412747013140373
0.8614866666666667,129.2,-0.8605703485642096,0.0,0.0,0,0.78,0.8614866666666667,class2_2026_04_27_15_22_05.csv,2,4,-0.8235104201251294,-0.7375850859631462
0.8614866666666667,129.2,-2.645981610030799,0.71,0.71,1,0.86,0.8338333333333332,class2_2026_04_27_15_22_37.csv,2,4,-0.08558129972385481,-0.5567843622912199
0.83596,125.4,-2.8142515667404893,1.17,1.17,1,0.0,0.7296066666666667,class2_2026_04_27_15_22_54.csv,2,0,-0.2696483649177291,0.4794871784158337
0.83596,125.4,-2.3388848345416684,1.32,1.32,1,0.0,0.6657933333333333,class2_2026_04_27_15_23_09.csv,2,0,-0.12612545425835237,0.414863798011014
0.83596,125.4,-2.7146295013007813,0.95,0.95,1,0.0,0.66154,class2_2026_04_27_15_23_25.csv,2,0,-0.2579452620813788,0.38686243280062627
0.83596,125.4,-2.5006458711734787,1.03,1.54,2,0.0,0.14039333333333334,class2_2026_04_27_15_23_37.csv,2,1,0.9541118153636454,0.07602452584725658
0.83596,125.4,-2.5864811795861673,0.9,0.9,1,0.0,0.7211,class2_2026_04_27_15_23_51.csv,2,0,-0.35125675327706446,0.4207528803217555
0.83596,125.4,-2.862661317786839,1.07,1.07,1,0.0,0.7253533333333333,class2_2026_04_27_15_24_02.csv,2,0,-0.30043924215648127,0.4657704325823966
0.83596,125.4,-3.1898075158522188,1.03,1.03,1,0.0,0.71046,class2_2026_04_27_15_24_13.csv,2,0,-0.3002371587296175,0.47011803438715444
0.83596,125.4,-3.250805978503266,0.94,0.94,1,0.0,0.7147133333333333,class2_2026_04_27_15_24_25.csv,2,0,-0.33871947745394,0.4656313351097523
0.83596,125.4,-2.5603746402391865,1.16,1.16,1,0.0,0.7040799999999999,class2_2026_04_27_15_24_39.csv,2,0,-0.23619243514610064,0.4399179556793697
0.83596,125.4,-2.7556144573076797,0.91,0.91,1,0.0,0.7168399999999999,class2_2026_04_27_15_24_51.csv,2,0,-0.3447052985488138,0.4299755158781642
0.83596,125.4,-2.5230145377994235,1.02,1.02,1,0.0,0.6977,class2_2026_04_27_15_25_04.csv,2,0,-0.27716337903962046,0.41327668842786713
0.83596,125.4,-2.865911761997497,0.9,0.9,1,0.0,0.7062066666666666,class2_2026_04_27_15_25_18.csv,2,0,-0.33609914363760185,0.42726918958190624
0.83596,125.4,-1.9224899651259453,1.11,1.7200000000000002,2,0.0,0.65728,class2_2026_04_27_15_25_30.csv,2,1,0.3333560191076605,0.4806613327201516
0.83596,125.4,-3.016164864915808,0.87,0.87,1,0.0,0.6828066666666666,class2_2026_04_27_15_25_41.csv,2,0,-0.31861284437628457,0.41400494670690385
0.83596,125.4,-2.6906253488759293,1.18,1.18,1,0.0,0.6891866666666666,class2_2026_04_27_15_25_54.csv,2,0,-0.21166981397813323,0.439071864443761
0.83596,125.4,-3.528947763415226,1.11,1.11,1,0.0,0.6955733333333334,class2_2026_04_27_15_26_06.csv,2,0,-0.2575134610106745,0.49143382675141517
0.83596,125.4,-2.7250469315066312,1.1,1.6300000000000001,2,0.0,0.14039333333333334,class2_2026_04_27_15_26_18.csv,2,1,0.9784801513888898,0.10164218270990902
0.83596,125.4,-2.5297737254679618,1.3,1.3,1,0.0,0.6849333333333333,class2_2026_04_27_15_26_28.csv,2,0,-0.16100606196030687,0.4408669916328703
0.83596,125.4,-3.023946834171655,1.21,1.21,1,0.0,0.6785533333333333,class2_2026_04_27_15_26_42.csv,2,0,-0.19218525406563103,0.4567822093611158
0.83596,125.4,-2.983413771880881,1.28,2.39,3,0.0,0.14039333333333334,class2_2026_04_27_15_26_56.csv,2,1,1.551291512384781,0.27085676275448545
0.83596,125.4,-2.8397221734552796,1.06,1.57,2,0.0,0.14039333333333334,class2_2026_04_27_15_27_06.csv,2,1,0.9596833278078881,0.1029169641061344
0.83596,125.4,-4.036165383402192,1.04,1.04,1,0.0,0.64452,class2_2026_04_27_15_27_43.csv,2,0,-0.2236824564394418,0.47397389173649895
0.83596,125.4,-4.06949488547468,1.4,1.4,1,0.0,0.6423933333333333,class2_2026_04_27_15_28_02.csv,2,0,-0.09328638420507505,0.5229242899018972
0.83596,125.4,-3.981320446176205,1.28,1.28,1,0.0,0.6360133333333333,class2_2026_04_27_15_28_20.csv,2,0,-0.1263736215816237,0.49555049621635333
0.83596,125.4,-3.7285379840042014,1.16,1.16,1,0.0,0.6338866666666667,class2_2026_04_27_15_28_40.csv,2,0,-0.1625125498067602,0.4605997466914545
0.83596,125.4,-3.9725251776778756,1.36,3.55,4,0.12,0.6253733333333333,class2_2026_04_27_15_29_01.csv,2,1,1.586224318697755,0.740507333712222
0.83596,125.4,-4.630417177696911,0.97,0.97,1,0.0,0.6232466666666666,class2_2026_04_27_15_29_16.csv,2,0,-0.22988466124057783,0.487009412565483
0.83596,125.4,-4.905842326772904,1.43,1.43,1,0.0,0.62112,class2_2026_04_27_15_29_31.csv,2,0,-0.06754193303031629,0.56573904268481
0.83596,125.4,-4.662963091855877,1.28,1.28,1,0.0,0.61474,class2_2026_04_27_15_29_49.csv,2,0,-0.108977167841352,0.5238995194035245
0.83596,125.4,-4.16650059420345,0.88,1.4100000000000001,2,0.0,0.14039333333333334,class2_2026_04_27_15_30_09.csv,2,1,0.87846970808427,0.1691805318180524
0.83596,125.4,-4.514613799242647,1.12,1.12,1,0.0,0.60836,class2_2026_04_27_15_30_26.csv,2,0,-0.155395188686332,0.4870851602099588
0.83596,125.4,-4.674357039934,1.79,2.5,2,0.0,0.60836,class2_2026_04_27_15_30_46.csv,2,1,0.611718328457047,0.7225682540709212
0.83596,125.4,-4.0971689044502675,1.43,1.96,2,0.0,0.5934666666666666,class2_2026_04_27_15_31_02.csv,2,1,0.4861467504807799,0.6132587845429479
0.83596,125.4,-2.9295872418406796,1.65,2.72,3,0.0,0.14039333333333334,class2_2026_04_27_15_31_19.csv,2,1,1.6781281689666114,0.3148986143244973
0.83596,125.4,-3.3925613607390717,1.47,1.47,1,0.0,0.6041066666666667,class2_2026_04_27_15_31_33.csv,2,0,-0.008393968828582607,0.45505734970753214
0.83596,125.4,-2.9099963412935526,0.84,0.84,1,0.0,0.5934666666666666,class2_2026_04_27_15_31_49.csv,2,0,-0.21152412219862135,0.3289226204291286
0.83596,125.4,-2.9749951668919854,1.36,1.8900000000000001,2,0.0,0.5743266666666667,class2_2026_04_27_15_32_04.csv,2,1,0.5030185731785425,0.5123709380200799
0.83596,125.4,-3.5444887920146977,1.02,1.02,1,0.0,0.59772,class2_2026_04_27_15_32_19.csv,2,0,-0.16254326122608806,0.3994367463309558
0.83596,125.4,-3.7266240372472916,1.17,1.17,1,0.0,0.5870866666666666,class2_2026_04_27_15_32_35.csv,2,0,-0.0980710559519798,0.4231113555058128
0.83596,125.4,-2.19175606940328,0.92,1.42,2,0.0,0.14252,class2_2026_04_27_15_32_53.csv,2,1,0.9154300362548323,0.041621189137302686
0.83596,125.4,-2.9601053407466793,0.89,0.89,1,0.0,0.5466733333333333,class2_2026_04_27_15_33_11.csv,2,0,-0.13363775236187017,0.3003308667721762
0.83596,125.4,-2.7575965431679226,0.73,1.23,2,0.0,0.14039333333333334,class2_2026_04_27_15_33_24.csv,2,1,0.8420486184702578,0.05242260615062669
0.83596,125.4,-1.3928500656822815,1.83,3.84,4,0.0,0.14039333333333334,class2_2026_04_27_15_33_39.csv,2,1,2.3289652540349866,0.3823755818406024
0.83596,125.4,-2.894555209123432,1.41,2.02,2,0.0,0.14039333333333334,class2_2026_04_27_15_33_53.csv,2,1,1.0975957546138526,0.15907743764789242
0.83596,125.4,-3.3768649265200503,1.19,1.19,1,0.0,0.5679466666666667,class2_2026_04_27_15_34_05.csv,2,0,-0.06079799190654136,0.38640024951482516
0.83596,125.4,-3.6159623213008,0.95,0.95,1,0.0,0.5700733333333334,class2_2026_04_27_15_34_16.csv,2,0,-0.1525856882098381,0.37196579983193134
0.83596,125.4,-4.32259364401907,1.39,2.2199999999999998,2,0.0,0.5636866666666667,class2_2026_04_27_15_34_30.csv,2,1,0.5497317123661332,0.6144826447060224
0.83596,125.4,-8.214638308269887,0.97,0.97,1,0.0,0.49562,class2_2026_04_27_15_34_41.csv,2,1,-0.11790882781882969,0.6230346076633203
0.83596,125.4,-3.463103808613076,1.0,1.0,1,0.0,0.55518,class2_2026_04_27_15_34_55.csv,2,0,-0.11312194646942902,0.3560766093298831
0.83596,125.4,-3.3654907313449067,1.44,1.44,1,0.0,0.5296533333333334,class2_2026_04_27_15_35_08.csv,2,1,0.07814666492657014,0.38761815427874646
0.83596,125.4,-4.729435237761824,1.32,1.32,1,0.0,0.5594333333333333,class2_2026_04_27_15_35_21.csv,2,0,-0.023826679382874704,0.4880235716612179
0.83596,125.4,-3.956360849490329,1.32,1.32,1,0.0,0.5530533333333333,class2_2026_04_27_15_35_32.csv,2,0,-0.0038889768684482774,0.43064153818319384
0.83596,125.4,-2.574340317692339,2.09,6.46,6,0.15,0.14252,class2_2026_04_27_15_35_45.csv,2,1,3.681830919515256,0.6140910286899631
0.83596,125.4,-2.1355750882771463,1.1,1.67,2,0.0,0.14039333333333334,class2_2026_04_27_15_35_57.csv,2,1,0.9930229977614864,0.0640507896277627
0.83596,125.4,-3.571633752286649,1.25,1.25,1,0.0,0.5445466666666667,class2_2026_04_27_15_36_08.csv,2,0,-0.011948885609337583,0.38825208818098894
0.83596,125.4,-4.091295542053645,1.23,1.74,2,0.0,0.14039333333333334,class2_2026_04_27_15_36_21.csv,2,1,1.0013427637468078,0.21015869912653387
0.83596,125.4,-3.0560387227913357,0.96,0.96,1,0.0,0.5211466666666668,class2_2026_04_27_15_36_45.csv,2,0,-0.07697574575921849,0.2951085056371857
0.83596,125.4,-4.448354673893075,1.23,1.23,1,0.0,0.49562,class2_2026_04_27_15_37_07.csv,2,1,0.03134863253121117,0.4041866048087845
0.7891666666666667,118.4,-3.3978368437390842,6.35,12.639999999999999,6,0.24,0.14039333333333334,class2_2026_04_27_15_37_18.csv,2,2,5.53045639637948,1.0009827223137453
0.83596,125.4,-5.001734941966997,1.26,1.26,1,0.0,0.5168933333333334,class2_2026_04_27_15_37_33.csv,2,1,0.0060314637005042925,0.4631171573508137
0.83596,125.4,-3.307007701800405,0.98,0.98,1,0.0,0.51264,class2_2026_04_27_15_37_46.csv,2,1,-0.06257554293680222,0.30768091460447905
0.83596,125.4,-3.9799557174251317,1.37,1.9100000000000001,2,0.0,0.5041266666666666,class2_2026_04_27_15_37_57.csv,2,1,0.5841405403515977,0.5239282829642756
0.83596,125.4,-2.2315404333451125,1.3,1.82,2,0.0,0.5105133333333334,class2_2026_04_27_15_38_07.csv,2,1,0.5744181201205787,0.4008735396517386
0.83596,125.4,-4.408832543856021,1.16,1.16,1,0.0,0.4828599999999999,class2_2026_04_27_15_38_20.csv,2,1,0.02362077148911636,0.3815464123903791
0.83596,125.4,-4.342526842436089,1.15,1.15,1,0.0,0.5041266666666666,class2_2026_04_27_15_38_31.csv,2,1,-0.006592729721631162,0.3933196268385964
0.83596,125.4,-3.0811354356501623,0.98,0.98,1,0.0,0.47222,class2_2026_04_27_15_38_41.csv,2,1,-0.00661649159823089,0.25902798919038145
0.83596,125.4,-5.172545161740521,1.6,2.6800000000000006,3,0.0,0.47222,class2_2026_04_27_15_38_53.csv,2,1,1.1965014209959137,0.734313370720281
0.83596,125.4,-4.264446519129882,1.3,2.38,3,0.0,0.14252,class2_2026_04_27_15_39_04.csv,2,1,1.5321039979747695,0.36004564976123776
0.83596,125.4,-8.65295219998023,1.18,1.75,2,0.0,0.14039333333333334,class2_2026_04_27_15_39_15.csv,2,1,0.9233505329717957,0.5140939657538567
0.83596,125.4,-8.825092793897227,1.27,1.8900000000000001,2,0.0,0.14039333333333334,class2_2026_04_27_15_39_26.csv,2,1,0.9598737628045753,0.5404860491001695
0.83596,125.4,-5.468459517797253,1.59,3.07,3,0.24,0.4828599999999999,class2_2026_04_27_15_39_36.csv,2,1,1.3683256022304935,0.45671609878759667
0.83596,125.4,-7.080074012155595,1.19,1.19,1,0.0,0.4573333333333333,class2_2026_04_27_15_39_46.csv,2,1,0.027263764287800907,0.5445160238190776
0.83596,125.4,-4.025552583604652,1.06,1.06,1,0.0,0.46158666666666665,class2_2026_04_27_15_39_59.csv,2,1,0.021461674269538704,0.32465735814462554
0.83596,125.4,-6.412910114613178,1.62,1.62,1,0.0,0.45946,class2_2026_04_27_15_40_11.csv,2,1,0.18759283746648,0.5591939170844737
0.83596,125.4,-2.990638033763463,1.32,2.44,3,0.0,0.14039333333333334,class2_2026_04_27_15_40_23.csv,2,1,1.5668361586280002,0.2772632460814257
0.83596,125.4,-6.847742201330867,1.19,1.19,1,0.0,0.4552066666666666,class2_2026_04_27_15_40_35.csv,2,1,0.033527769386072395,0.5270979293730411
0.83596,125.4,-1.980885218250005,1.46,2.0,2,0.0,0.14039333333333334,class2_2026_04_27_15_41_02.csv,2,1,1.119235802197894,0.1004830323440686
0.83596,125.4,-4.758364821991682,1.48,2.5999999999999996,3,0.0,0.14039333333333334,class2_2026_04_27_15_41_16.csv,2,1,1.5971635017582113,0.41794772561231064
0.83596,125.4,-2.541083016976011,1.82,3.2,3,0.0,0.25312666666666667,class2_2026_04_27_15_41_29.csv,2,1,1.6418107249621063,0.421412774143377
0.83596,125.4,-4.449827067816968,1.24,1.75,2,0.05,0.28715999999999997,class2_2026_04_27_15_41_42.csv,2,1,0.8372090116759242,0.2890548210099344
0.83596,125.4,-6.0670081818887045,1.61,2.22,2,0.0,0.2637666666666667,class2_2026_04_27_15_41_59.csv,2,1,0.9605852956116865,0.5018607125200262
0.83596,125.4,-5.8389579535127085,1.37,1.37,1,0.0,0.26802000000000004,class2_2026_04_27_15_42_14.csv,2,1,0.3561819757381808,0.3285256107485554
0.83596,125.4,-4.199909942824411,1.31,1.92,2,0.0,0.14039333333333334,class2_2026_04_27_15_42_28.csv,2,1,1.042345754032646,0.23359694143514645
0.83596,125.4,-4.0654872226345145,1.27,1.85,2,0.0,0.14252,class2_2026_04_27_15_42_44.csv,2,1,1.0231183963975536,0.21930646257887645
0.83596,125.4,-6.257351367045631,1.55,2.19,2,0.0,0.14039333333333334,class2_2026_04_27_15_42_56.csv,2,1,1.1010335757179481,0.40618223430177236
0.83596,125.4,-5.294080461649504,1.42,1.42,1,0.0,0.2978,class2_2026_04_27_15_43_11.csv,2,1,0.3434610520873798,0.32316093070891944
0.83596,125.4,-3.4735237280315223,1.4,1.4,1,0.0,0.29142,class2_2026_04_27_15_43_31.csv,2,1,0.3720545031674895,0.19248581557365327
0.83596,125.4,-5.39811265394062,0.88,1.47,2,0.0,0.14252,class2_2026_04_27_15_43_45.csv,2,1,0.865656174395473,0.2571593348178026
0.83596,125.4,-4.724351292208954,2.94,4.71,3,0.0,0.036160000000000005,class2_2026_04_27_15_44_01.csv,2,1,2.3449288319746744,0.5607559751567903
0.83596,125.4,-4.8046409672115,1.17,1.72,2,0.0,0.27227333333333337,class2_2026_04_27_15_44_16.csv,2,1,0.8034289461382568,0.36137088085757013
0.83596,125.4,-4.279770142345695,1.06,1.06,1,0.0,0.27227333333333337,class2_2026_04_27_15_44_29.csv,2,1,0.26379502193910254,0.18522158116304166
0.83596,125.4,-10.108018945987855,1.55,2.6000000000000005,3,0.0,0.30418,class2_2026_04_27_15_44_43.csv,2,1,1.3186317985892624,0.9196545949325703
0.83596,125.4,-5.945643048691768,1.79,3.4800000000000004,4,0.0,0.28078000000000003,class2_2026_04_27_15_44_57.csv,2,1,2.0182969369752453,0.7828426492676691
0.83596,125.4,-3.9801463785056046,1.26,1.96,2,0.0,0.14039333333333334,class2_2026_04_27_15_45_10.csv,2,1,1.040607234107796,0.21686711529816707
0.83596,125.4,-4.445259558751938,1.14,1.7199999999999998,2,0.0,0.14039333333333334,class2_2026_04_27_15_45_25.csv,2,1,0.9738944652392478,0.22564395412067376
0.83596,125.4,-1.7770962839078177,6.58,32.089999999999996,6,0.36,0.036160000000000005,class2_2026_04_27_15_45_39.csv,2,2,8.54454125441439,1.9218250785316981
0.83596,125.4,-5.2674832033073695,1.52,1.52,1,0.0,0.31268666666666667,class2_2026_04_27_15_45_59.csv,2,1,0.36009706631697636,0.3471420632467087
0.83596,125.4,-6.563969430987646,1.77,3.63,4,0.0,0.14039333333333334,class2_2026_04_27_15_46_14.csv,2,1,2.20848990015503,0.7148117158070608
0.83596,125.4,-4.88520143718839,1.21,1.73,2,0.0,0.32119333333333333,class2_2026_04_27_15_46_27.csv,2,1,0.7485932912838624,0.41103993158304386
0.83596,125.4,-6.612198408898597,1.33,2.0700000000000003,2,0.0,0.14039333333333334,class2_2026_04_27_15_46_41.csv,2,1,1.0315512438602183,0.40583096514313566
0.83596,125.4,-5.696278910180224,1.16,1.16,1,0.0,0.3233266666666667,class2_2026_04_27_15_46_57.csv,2,1,0.21167198789656705,0.3363799642286996
0.83596,125.4,-5.303056297371745,1.28,1.87,2,0.0,0.14039333333333334,class2_2026_04_27_15_47_10.csv,2,1,1.0122226011142645,0.30284123582096967
0.83596,125.4,-5.714038707668092,1.26,1.26,1,0.0,0.3318333333333333,class2_2026_04_27_15_47_24.csv,2,1,0.23593585169109335,0.3580742490456079
0.83596,125.4,-3.6529961585398323,1.29,1.84,2,0.0,0.33396000000000003,class2_2026_04_27_15_47_36.csv,2,1,0.7832723162788122,0.35092134559931326
0.83596,125.4,-6.436905191243219,0.93,0.93,1,0.0,0.33608666666666664,class2_2026_04_27_15_47_51.csv,2,1,0.10206453168085225,0.3658891554645063
0.83596,125.4,-3.3068866690878225,1.29,1.9300000000000002,2,0.0,0.35736,class2_2026_04_27_15_48_07.csv,2,1,0.7708059583501314,0.3517594940006103
0.83596,125.4,-5.931470724884561,1.16,1.16,1,0.0,0.34034000000000003,class2_2026_04_27_15_48_22.csv,2,1,0.186007975020519,0.366302727135483
0.83596,125.4,-8.005315366080671,1.5,2.77,3,0.0,0.14252,class2_2026_04_27_15_48_35.csv,2,1,1.5738673222147506,0.6492667446275193
0.83596,125.4,-5.587397024958143,1.14,1.81,2,0.0,0.14039333333333334,class2_2026_04_27_15_48_47.csv,2,1,0.9694430328590783,0.30743771526382824
0.83596,125.4,-4.799855592536792,1.06,1.7200000000000002,2,0.0,0.14252,class2_2026_04_27_15_49_00.csv,2,1,0.9486470840247512,0.24481164759722643
0.83596,125.4,-4.954863671281476,1.36,1.9900000000000002,2,0.0,0.14039333333333334,class2_2026_04_27_15_49_13.csv,2,1,1.0516059143151204,0.2922816680952053
0.83596,125.4,-8.050979819634627,1.25,1.25,1,0.0,0.37012,class2_2026_04_27_15_49_29.csv,2,1,0.1474005234445373,0.5459034596504889
0.83596,125.4,-4.450997937650271,1.96,5.79,6,0.09,0.14252,class2_2026_04_27_15_49_43.csv,2,1,3.4965564831717373,0.7757953492276805
0.83596,125.4,-6.51429338508479,1.25,1.9100000000000001,2,0.0,0.14252,class2_2026_04_27_15_49_56.csv,2,1,0.99045464198061,0.38594299722116465
0.83596,125.4,-6.409522887322649,1.21,1.83,2,0.0,0.14039333333333334,class2_2026_04_27_15_50_20.csv,2,1,0.9748948299069172,0.36959859513362725
0.83596,125.4,-7.747003356368843,1.07,1.07,1,0.0,0.37437333333333334,class2_2026_04_27_15_50_35.csv,2,1,0.08238125273865966,0.5047016084168424
0.83596,125.4,-7.228185329155292,1.33,1.33,1,0.0,0.3850133333333333,class2_2026_04_27_15_50_53.csv,2,1,0.16889946815826543,0.5135337349741749
0.83596,125.4,-7.136715275976501,1.08,1.08,1,0.0,0.38714,class2_2026_04_27_15_51_06.csv,2,1,0.07853060690021899,0.4754727259220216
0.83596,125.4,-4.69588334165511,1.4,1.4,1,0.0,0.3913933333333333,class2_2026_04_27_15_51_19.csv,2,1,0.22365274019478845,0.3575554878775483
0.83596,125.4,-6.291095864118702,1.12,1.6500000000000001,2,0.0,0.14252,class2_2026_04_27_15_51_31.csv,2,1,0.9291315607758662,0.3464464397698449
0.83596,125.4,-5.400002274867202,1.26,2.63,3,0.0,0.44031333333333333,class2_2026_04_27_15_51_44.csv,2,1,1.1546273252260273,0.6929948790088154
0.83596,125.4,-10.136044396065113,1.38,1.9699999999999998,2,0.0,0.14252,class2_2026_04_27_15_51_56.csv,2,1,0.9722688723937329,0.643807183277822
0.83596,125.4,-6.188428128043726,1.42,2.53,3,0.0,0.14252,class2_2026_04_27_15_52_07.csv,2,1,1.5500907124657324,0.5074814275351501
0.8529800000000001,127.9,3.9790886423204412,0.8,1.49,2,0.0,0.14039333333333334,class2_2026_04_27_15_52_35.csv,2,1,0.9885304129298984,-0.3018031936826395
0.83596,125.4,-5.8485325419420695,1.04,1.7000000000000002,2,0.0,0.14039333333333334,class2_2026_04_27_15_52_49.csv,2,1,0.9285016547786409,0.3110416448746762
0.83596,125.4,-7.644948436072503,0.84,1.5,2,0.0,0.14039333333333334,class2_2026_04_27_15_53_06.csv,2,1,0.8302642527822169,0.4051969603622525
0.83596,125.4,-4.865743223452838,0.98,0.98,1,0.0,0.41266,class2_2026_04_27_15_53_18.csv,2,1,0.043953857000222286,0.33005258333213616
0.83596,125.4,-6.800614056081581,1.07,1.75,2,0.0,0.14039333333333334,class2_2026_04_27_15_53_29.csv,2,1,0.9276747469625088,0.3803204792669762
0.83596,125.4,-7.599595559962809,1.04,1.62,2,0.0,0.14039333333333334,class2_2026_04_27_15_53_40.csv,2,1,0.8908003100519766,0.4247854884525303
0.83596,125.4,-6.374794056315422,1.15,1.83,2,0.0,0.14039333333333334,class2_2026_04_27_15_53_51.csv,2,1,0.9625611856237404,0.3623895673332048
0.83596,125.4,-6.321113739706786,1.34,1.9900000000000002,2,0.0,0.14039333333333334,class2_2026_04_27_15_54_02.csv,2,1,1.0267457550100936,0.3827446710061727
0.83596,125.4,-7.6906917764247,1.12,1.12,1,0.0,0.4339333333333333,class2_2026_04_27_15_54_15.csv,2,1,0.023580378205584007,0.5568957738554511
0.83596,125.4,-8.642418720385214,0.66,1.28,2,0.0,0.14252,class2_2026_04_27_15_54_27.csv,2,1,0.7427456494239413,0.447815034352957
0.83596,125.4,-6.746849440219094,0.88,1.49,2,0.0,0.14039333333333334,class2_2026_04_27_15_54_38.csv,2,1,0.8509435117189711,0.3473754715617595
0.8466,127.0,-3.3221027976224926,0.0,0.0,0,0.0,0.8466,class2_2026_04_27_15_57_04.csv,2,0,-1.28058071718659,0.40658518546095096
0.8466,127.0,-1.8980248223012515,2.14,2.14,1,0.0,0.14252,class2_2026_04_27_15_57_16.csv,2,1,0.8485291015810124,0.11293270475306179
0.83596,125.4,1.7852942919222192,0.0,0.0,0,0.0,0.83596,class2_2026_04_27_15_57_38.csv,2,0,-1.185584649846516,0.0033802915370852666
0.8466,127.0,-2.3505195574425795,0.0,0.0,0,0.0,0.8466,class2_2026_04_27_15_57_48.csv,2,0,-1.2659494635186368,0.34110011086233705
0.83596,125.4,-4.9168350203151165,0.0,0.0,0,0.0,0.83596,class2_2026_04_27_15_58_04.csv,2,0,-1.2865132682370617,0.4551063195613516
0.83596,125.4,-2.2072478509623847,2.95,5.85,2,0.0,0.036160000000000005,class2_2026_04_27_15_58_37.csv,2,1,2.1159741610232334,0.35633138896653965
0.8380866666666666,125.7,5.0,0.0,0.0,0,0.0,0.8380866666666666,class2_2026_04_27_15_58_52.csv,2,0,-1.1407880934576222,-0.20150658418268758
0.83596,125.4,-2.138334201140096,2.97,5.37,2,0.0,0.036160000000000005,class2_2026_04_27_15_59_08.csv,2,1,2.053306932558435,0.32763858552109876
0.83596,125.4,5.0,0.0,0.0,0,0.0,0.83596,class2_2026_04_27_15_59_21.csv,2,0,-1.1371737955444252,-0.2132920782611846
0.8466,127.0,-2.919071896726423,0.0,0.0,0,0.0,0.8466,class2_2026_04_27_15_59_35.csv,2,0,-1.2745113994964843,0.37942075165923317
0.83596,125.4,-3.045393187863999,0.0,0.0,0,0.0,0.83596,class2_2026_04_27_15_59_47.csv,2,0,-1.258330875784161,0.3289704385200785
0.8699933333333333,130.5,5.0,0.0,0.0,0,0.78,0.8699933333333333,class2_2026_04_27_16_00_02.csv,2,4,-0.7497121871651493,-1.0854477480526414
0.8466,127.0,-3.2000848603891545,0.0,0.0,0,0.0,0.8466,class2_2026_04_27_16_00_17.csv,2,0,-1.2787432262564553,0.3983611307514291
0.8466,127.0,1.2311468715181386,19.6,26.370000000000005,6,0.0,0.036160000000000005,class2_2026_04_27_16_00_33.csv,2,2,10.359739723475263,3.0093241896821072
0.83596,125.4,-4.729397117374847,0.0,0.0,0,0.0,0.83596,class2_2026_04_27_16_00_46.csv,2,0,-1.2836906058119664,0.4424729346396661
0.8487266666666667,127.3,-0.4999182909682309,0.0,0.0,0,0.0,0.8487266666666667,class2_2026_04_27_16_00_57.csv,2,0,-1.2416952109584771,0.2281543858587503
0.8466,127.0,-0.9827731827603732,2.95,6.5600000000000005,3,0.0,0.036160000000000005,class2_2026_04_27_16_01_09.csv,2,1,2.6612158967494763,0.4584876684818194
0.8466,127.0,-1.5474640456568163,19.6,24.66,4,0.0,0.036160000000000005,class2_2026_04_27_16_01_24.csv,2,2,9.214718656067692,2.912050897144763
0.8466,127.0,-2.7847894933038657,0.0,0.0,0,0.0,0.8466,class2_2026_04_27_16_01_41.csv,2,0,-1.2724892156769547,0.37037006733106487
0.8466,127.0,-2.5223053556127115,0.0,0.0,0,0.0,0.8466,class2_2026_04_27_16_01_55.csv,2,0,-1.2685364179715704,0.3526785380551223
0.83596,125.4,-2.4044751658786776,2.96,5.9399999999999995,3,0.0,0.036160000000000005,class2_2026_04_27_16_02_06.csv,2,1,2.558375624344747,0.4717995447349404
0.83596,125.4,-3.2425969939057517,0.0,0.0,0,0.0,0.83596,class2_2026_04_27_16_02_21.csv,2,0,-1.261300604769964,0.34226204897167856
0.83596,125.4,-1.1185806153604871,3.28,4.14,2,0.0,0.12337333333333333,class2_2026_04_27_16_02_34.csv,2,1,1.8474613662712274,0.290407441394617
0.83596,125.4,-1.9144596232870648,3.0,6.92,3,0.0,0.036160000000000005,class2_2026_04_27_16_02_47.csv,2,1,2.7131400001815935,0.4944289791947594
0.8466,127.0,-0.44295028563407646,3.36,4.25,2,0.0,0.11486666666666667,class2_2026_04_27_16_03_03.csv,2,1,1.897172496364969,0.3003729543335869
0.83596,125.4,-3.787343314833816,20.02,21.630000000000003,3,0.0,0.11911999999999999,class2_2026_04_27_16_03_18.csv,2,2,8.307689351593286,2.8569473919613535
0.8487266666666667,127.3,5.0,14.8,14.8,1,0.0,0.14252,class2_2026_04_27_16_03_33.csv,2,2,5.4575590459366365,1.362305752193033
0.83596,125.4,-3.165488145199867,20.68,24.759999999999998,4,0.0,0.036160000000000005,class2_2026_04_27_16_03_45.csv,2,2,9.440184374654184,3.0639189662132327
0.8466,127.0,5.0,9.75,12.72,2,0.0,0.036160000000000005,class2_2026_04_27_16_03_55.csv,2,2,4.650461508873789,0.8398773525159279
0.83596,125.4,5.0,9.16,10.81,3,0.0,0.11699333333333332,class2_2026_04_27_16_04_06.csv,2,2,4.583113986848669,0.8030957924876303
0.83596,125.4,-1.114978425699219,4.99,4.99,1,0.0,0.14252,class2_2026_04_27_16_04_21.csv,2,1,1.8789528684009054,0.39365439461365925
0.8380866666666666,125.7,3.4896616804614715,9.33,12.29,2,0.0,0.036160000000000005,class2_2026_04_27_16_04_37.csv,2,2,4.480211155026116,0.844461921994797
0.83596,125.4,-4.559890929052503,2.15,2.15,1,0.0,0.14464666666666667,class2_2026_04_27_16_04_48.csv,2,1,0.8134852937067417,0.245283825565859
0.83596,125.4,-1.7296391251148,1.76,2.49,2,0.0,0.14252,class2_2026_04_27_16_05_01.csv,2,1,1.2539442743820899,0.1358548216499668
0.83596,125.4,-4.861395934104276,0.89,1.56,2,0.0,0.14252,class2_2026_04_27_16_05_17.csv,2,1,0.8886296931337978,0.226609076410245
0.83596,125.4,-3.295734002355301,1.24,2.8,3,0.0,0.14039333333333334,class2_2026_04_27_16_05_29.csv,2,1,1.596092402132947,0.310588844408037
0.83596,125.4,-4.684028217087682,0.91,1.49,2,0.0,0.14677333333333334,class2_2026_04_27_16_05_41.csv,2,1,0.8801404075570213,0.21605122354523532
0.8466,127.0,-2.5052654971259383,2.74,2.74,1,0.0,0.14252,class2_2026_04_27_16_05_53.csv,2,1,1.052939068253035,0.23463232142756243
0.83596,125.4,-3.646716684099497,0.0,0.0,0,0.0,0.83596,class2_2026_04_27_16_06_07.csv,2,0,-1.267386318741671,0.36949986758020636
0.8466,127.0,-3.0033817648722887,0.66,1.27,2,0.0,0.14039333333333334,class2_2026_04_27_16_06_20.csv,2,1,0.8247660017830719,0.1156128642314603
0.83596,125.4,-11.281484919014897,0.0,0.0,0,0.0,0.83596,class2_2026_04_27_16_06_34.csv,2,0,-1.3823597210416043,0.8840861086046833
0.83596,125.4,-4.344986664887307,0.74,1.42,2,0.0,0.14252,class2_2026_04_27_16_06_47.csv,2,1,0.8444342374068075,0.17214486372318252
0.8466,127.0,-2.0131056945582344,2.95,5.029999999999999,4,0.0,0.036160000000000005,class2_2026_04_27_16_06_59.csv,2,1,2.8594605743277812,0.5426572249250075
0.83596,125.4,-3.57460474776269,0.94,1.62,2,0.0,0.14252,class2_2026_04_27_16_07_11.csv,2,1,0.9272204019089216,0.14714462290784594
0.83596,125.4,-3.9202673036584414,2.96,4.42,3,0.0,0.036160000000000005,class2_2026_04_27_16_07_23.csv,2,1,2.3202455995429094,0.49267375837549926
0.83596,125.4,-3.4071345428122735,0.85,1.38,2,0.0,0.14252,class2_2026_04_27_16_07_33.csv,2,1,0.8764621406315526,0.11571925022205733
0.83596,125.4,-4.257934151679284,2.97,4.6000000000000005,3,0.0,0.036160000000000005,class2_2026_04_27_16_07_48.csv,2,1,2.342799841917468,0.525870547991376
0.83596,125.4,-5.083409582294502,0.97,1.6,2,0.0,0.14039333333333334,class2_2026_04_27_16_07_58.csv,2,1,0.910859681013975,0.2484443217710081
0.83596,125.4,-4.629174250426902,0.0,0.0,0,0.0,0.83596,class2_2026_04_27_16_08_08.csv,2,0,-1.2821813309202204,0.4357178758375424
0.83596,125.4,-4.259716347669663,0.88,1.55,2,0.0,0.14252,class2_2026_04_27_16_08_20.csv,2,1,0.8941312565613897,0.1847094572778897
0.83596,125.4,-3.442051827407917,2.97,4.65,3,0.0,0.036160000000000005,class2_2026_04_27_16_08_30.csv,2,1,2.3621687159737745,0.4735538111447806
0.83596,125.4,-5.829459671812954,1.26,2.0300000000000002,2,0.0,0.14252,class2_2026_04_27_16_08_42.csv,2,1,1.0199080919712618,0.3470140205244664
0.83596,125.4,-4.095165269144423,0.92,0.92,1,0.0,0.21696666666666664,class2_2026_04_27_16_08_56.csv,2,1,0.28866017091298585,0.10819153794565556
0.83596,125.4,-3.796930786578275,0.71,1.31,2,0.0,0.14252,class2_2026_04_27_16_09_08.csv,2,1,0.8306780281231143,0.12688866345612151
0.83596,125.4,-4.569480470375423,0.88,1.45,2,0.0,0.14252,class2_2026_04_27_16_09_22.csv,2,1,0.8753017615379366,0.20023959996074905
0.83596,125.4,-6.080008990921396,0.0,0.0,0,0.0,0.83596,class2_2026_04_27_16_09_35.csv,2,0,-1.3040297225356654,0.533504681210955
0.83596,125.4,-3.6762417115091535,0.92,1.4700000000000002,2,0.0,0.14039333333333334,class2_2026_04_27_16_09_51.csv,2,1,0.902922515933038,0.14259127224320647
0.83596,125.4,-3.927302209860282,1.0,1.0,1,0.0,0.21058666666666664,class2_2026_04_27_16_10_06.csv,2,1,0.3279578185400251,0.10237049058721612
0.83596,125.4,-4.044738971584892,0.78,1.51,2,0.0,0.14039333333333334,class2_2026_04_27_16_10_18.csv,2,1,0.8730403179045263,0.15820800882958533
0.8466,127.0,-3.1832486630267725,1.31,1.31,1,0.0,0.22547333333333333,class2_2026_04_27_16_10_35.csv,2,1,0.42589445582310737,0.15642946435894753
0.83596,125.4,-4.320566262266891,0.74,0.74,1,0.0,0.20207999999999998,class2_2026_04_27_16_10_45.csv,2,1,0.24055639840114795,0.08684033598162313
0.83596,125.4,-3.244315185863466,1.06,1.06,1,0.0,0.23823999999999998,class2_2026_04_27_16_10_58.csv,2,1,0.32364123103502535,0.08728452246508164
0.09146666666666665,13.7,-20.0,3.2,3.87,2,1.01,0.04466666666666667,class3_2026_04_27_16_16_56.csv,3,3,2.483906770926538,-3.4066334219533765
0.8466,127.0,-20.0,3.1,5.559999999999999,5,0.0,0.03403333333333334,class3_2026_04_27_16_17_30.csv,3,1,3.1290528782525477,1.890287639586926
0.24887333333333336,37.3,5.0,0.6,0.6,1,0.38,0.14039333333333334,class3_2026_04_27_16_18_00.csv,3,6,0.8626197477274231,-3.8959670381699896
0.24887333333333336,37.3,5.0,0.6,0.6,1,0.39,0.14039333333333334,class3_2026_04_27_16_18_11.csv,3,6,0.8683287439463709,-3.909566532018322
0.83596,125.4,-9.992226053285828,0.64,0.64,1,0.0,0.14252,class3_2026_04_27_16_18_40.csv,3,1,0.1969984845443575,0.40639179765842537
0.83596,125.4,-6.17565752513878,2.44,3.11,2,0.0,0.14039333333333334,class3_2026_04_27_16_18_51.csv,3,1,1.4232857626459963,0.5220913232049098
0.8551066666666666,128.3,5.0,24.21,40.0,6,0.06,0.04254,class3_2026_05_14_12_53_50.csv,3,2,13.357524059369371,3.822077979340355
0.08934,13.4,-20.0,3.17,4.38,2,0.78,0.04254,class3_2026_05_14_12_54_12.csv,3,3,2.4220258055207604,-3.080789519242673
0.8614866666666667,129.2,0.029257203928115465,0.0,0.0,0,0.0,0.8614866666666667,class3_2026_05_14_12_54_33.csv,3,0,-1.255412045721617,0.26320072360547264
0.25100000000000006,37.7,5.0,0.0,0.0,0,0.41,0.25100000000000006,class3_2026_05_14_12_54_44.csv,3,6,0.09104224722416387,-4.012584154957138
0.4509533333333333,67.6,5.0,0.0,0.0,0,0.33,0.4509533333333333,class3_2026_05_14_12_55_08.csv,3,6,-0.29445303698045594,-2.795693144934208
0.46796666666666664,70.2,-0.3691379805895245,0.0,0.0,0,0.33,0.46796666666666664,class3_2026_05_14_12_55_25.csv,3,6,-0.4042222729877935,-2.33952727972399
0.6275,94.1,-6.1487804519131615,0.0,0.0,0,0.0,0.6275,class3_2026_05_14_12_56_02.csv,3,0,-0.9507848587189143,-0.6170971320885953
0.85936,128.9,-3.134614263020149,0.0,0.0,0,0.26,0.85936,class3_2026_05_14_12_56_13.csv,3,0,-1.1510091780763676,0.1110745123606066
0.7232266666666667,108.5,5.0,3.33,4.83,2,0.53,0.6721733333333333,class3_2026_05_14_12_56_25.csv,3,4,1.6820379170694493,-0.8794276985110162
0.7253533333333333,108.8,5.0,3.39,5.31,3,0.41,0.14252,class3_2026_05_14_12_56_35.csv,3,4,2.812709993900078,-1.017163471534762
0.24887333333333336,37.3,-20.0,3.21,4.14,2,0.39,0.03403333333333334,class3_2026_05_14_12_57_12.csv,3,3,2.121321988805371,-1.8148785197623232
0.24674666666666667,37.0,5.0,0.0,0.0,0,0.38,0.24674666666666667,class3_2026_05_14_12_57_24.csv,3,6,0.08114385439371458,-3.9953566615691365
0.24887333333333336,37.3,5.0,0.79,0.79,1,0.39,0.14252,class3_2026_05_14_12_58_25.csv,3,6,0.9331890642429813,-3.882230088987322
0.24887333333333336,37.3,5.0,0.81,0.81,1,0.37,0.14039333333333334,class3_2026_05_14_12_58_43.csv,3,6,0.9316548326433541,-3.854097565675892
0.24887333333333336,37.3,5.0,0.82,0.82,1,0.38,0.14039333333333334,class3_2026_05_14_12_58_49.csv,3,6,0.9409230708211057,-3.866350870064902
0.65728,98.6,3.2042916258012912,0.67,0.67,1,0.9,0.14039333333333334,class3_2026_05_14_12_59_21.csv,3,4,0.9943137065104258,-2.5471604161831705
0.65728,98.6,3.3024786252645564,0.0,0.0,0,0.91,0.65728,class3_2026_05_14_13_00_09.csv,3,4,-0.33954942614936784,-2.3266356147933043
0.65728,98.6,1.5440134917402282,0.0,0.0,0,0.88,0.65728,class3_2026_05_14_13_00_27.csv,3,4,-0.3831574700270499,-2.1673159240654702
0.9167933333333333,137.5,5.0,3.59,6.99,2,1.09,0.8678666666666666,class3_2026_05_14_13_06_40.csv,3,4,2.031676913207543,-0.429924522068093
0.24887333333333336,37.3,5.0,0.58,0.58,1,0.35,0.14039333333333334,class3_2026_05_14_13_09_36.csv,3,6,0.8383742751529721,-3.8578609355436373
0.24887333333333336,37.3,5.0,0.63,0.63,1,0.43,0.14039333333333334,class3_2026_05_14_13_09_48.csv,3,6,0.9018424546985736,-3.9599259390336847
0.24887333333333336,37.3,5.0,0.0,0.0,0,0.33,0.24887333333333336,class3_2026_05_14_13_10_00.csv,3,6,0.04898457538577823,-3.915573698248978
0.4530799999999999,68.0,4.237552299865416,0.66,0.66,1,0.27,0.14252,class3_2026_05_14_13_10_18.csv,3,6,0.7254044758440548,-2.7223688700628275
0.4552066666666666,68.3,4.926650508224296,0.54,0.54,1,0.29,0.14039333333333334,class3_2026_05_14_13_10_25.csv,3,6,0.7064050794627883,-2.8038998013613434
0.4509533333333333,67.6,3.899311114848514,0.57,0.57,1,0.36,0.14252,class3_2026_05_14_13_10_35.csv,3,6,0.7405076479327504,-2.844109087942133
0.4530799999999999,68.0,5.0,0.0,0.0,0,0.31,0.4530799999999999,class3_2026_05_14_13_10_59.csv,3,6,-0.30948532733154854,-2.7567086631590465
0.4509533333333333,67.6,0.3503871473556123,0.0,0.0,0,0.36,0.4509533333333333,class3_2026_05_14_13_11_09.csv,3,6,-0.34734543759613395,-2.5231059772437265
0.9061599999999999,135.9,0.44388619196923296,3.44,3.44,1,1.2,0.8763799999999999,class3_2026_05_14_13_11_29.csv,3,4,1.053570883976201,-0.6141052562815239
0.24887333333333336,37.3,5.0,0.0,0.0,0,0.38,0.24887333333333336,class3_2026_05_14_13_11_39.csv,3,6,0.07752955648051736,-3.9835711674906396
0.24887333333333336,37.3,5.0,0.0,0.0,0,0.38,0.24887333333333336,class3_2026_05_14_13_11_48.csv,3,6,0.07752955648051736,-3.9835711674906396
0.24887333333333336,37.3,5.0,0.6,0.6,1,0.36,0.14039333333333334,class3_2026_05_14_13_11_57.csv,3,6,0.8512017552895275,-3.8687680504733253
0.9253000000000001,138.8,2.235481255063721,3.39,7.3500000000000005,4,1.18,0.14039333333333334,class3_2026_05_14_13_12_07.csv,3,4,3.853053041058586,-0.7314089322196855
0.8572333333333334,128.6,-17.194481675593806,0.61,0.61,1,0.0,0.14039333333333334,class3_2026_05_14_13_14_44.csv,3,1,0.07213305015437645,0.9863270540317104
0.8572333333333334,128.6,-14.63542967464156,0.0,0.0,0,0.0,0.8572333333333334,class3_2026_05_14_13_15_01.csv,3,0,-1.4690217114133246,1.2280351283107744
0.24887333333333336,37.3,5.0,0.55,0.55,1,0.35,0.14039333333333334,class3_2026_05_14_13_15_12.csv,3,6,0.8276965492765609,-3.861899503921604
0.24887333333333336,37.3,5.0,0.54,0.54,1,0.39,0.14039333333333334,class3_2026_05_14_13_15_21.csv,3,6,0.8469732921935484,-3.917643668774255
0.8614866666666667,129.2,-6.387024051962217,0.56,0.56,1,0.0,0.14039333333333334,class3_2026_05_14_13_15_32.csv,3,1,0.21539032336837463,0.27122271313691904
0.4530799999999999,68.0,5.0,0.57,0.57,1,0.31,0.24674666666666667,class3_2026_05_14_13_16_09.csv,3,6,0.5921645507081061,-2.7540719486562826
0.8614866666666667,129.2,0.5450003139646059,0.62,0.62,1,0.0,0.24674666666666667,class3_2026_05_14_13_16_20.csv,3,1,0.20284657433594475,-0.09996248488914525
0.4530799999999999,68.0,5.0,0.67,0.67,1,0.23,0.24674666666666667,class3_2026_05_14_13_16_30.csv,3,6,0.582085000544561,-2.6318141032764024
0.45946,68.9,5.0,0.65,1.15,2,0.25,0.14039333333333334,class3_2026_05_14_13_16_46.csv,3,6,1.2234313388049247,-2.596293535969764
0.4530799999999999,68.0,5.0,0.0,0.0,0,0.31,0.4530799999999999,class3_2026_05_14_13_16_57.csv,3,6,-0.30948532733154854,-2.7567086631590465
0.8614866666666667,129.2,1.2097228129579356,0.0,0.0,0,0.0,0.8614866666666667,class3_2026_05_14_13_17_09.csv,3,0,-1.237635193407026,0.18363689904412953
0.059559999999999995,8.9,-20.0,3.3,3.3,1,1.03,0.04466666666666667,class3_2026_05_14_13_17_44.csv,3,3,2.018271129790072,-3.703184123842564
0.08508666666666667,12.8,-20.0,3.29,5.4399999999999995,2,1.04,0.04466666666666667,class3_2026_05_14_13_17_52.csv,3,3,2.7452515481124284,-3.3862446361509635
0.08721333333333334,13.1,-20.0,3.29,6.9799999999999995,3,1.02,0.04466666666666667,class3_2026_05_14_13_18_01.csv,3,3,3.381601447140465,-3.1701083268531076
0.8572333333333334,128.6,0.3787669862208056,0.74,0.74,1,0.0,0.24674666666666667,class3_2026_05_14_13_18_12.csv,3,1,0.24475218106400762,-0.09265732432188048
0.65728,98.6,5.0,0.66,1.2200000000000002,2,0.86,0.14039333333333334,class3_2026_05_14_13_18_31.csv,3,4,1.5047632482771722,-2.4886405149924617
0.65728,98.6,5.0,0.69,1.2,2,0.85,0.14252,class3_2026_05_14_13_18_42.csv,3,4,1.499884351422008,-2.4719176471155735
0.66154,99.2,4.707450836985933,0.63,1.1800000000000002,2,1.7,0.14039333333333334,class3_2026_05_14_13_18_55.csv,3,4,1.9661184788382073,-3.5957687178516604
0.65728,98.6,5.0,0.52,0.52,1,0.88,0.24674666666666667,class3_2026_05_14_13_19_26.csv,3,4,0.8182591410637721,-2.5732269819016755
0.7083333333333334,106.2,5.0,3.38,3.8899999999999997,2,1.24,0.24674666666666667,class3_2026_05_14_13_19_51.csv,3,4,2.524064889191236,-2.3132705983015778
0.5530533333333333,83.0,5.0,7.96,9.16,2,0.15,0.4743466666666667,class3_2026_05_14_13_21_06.csv,3,4,3.3957000722528283,-0.7213371121085616
0.4786066666666666,71.8,0.017855288719165897,0.0,0.0,0,0.28,0.4786066666666666,class3_2026_05_14_13_21_18.csv,3,6,-0.445022269738498,-2.2386488863881544
0.4530799999999999,68.0,1.9281271221412009,0.0,0.0,0,0.24,0.4530799999999999,class3_2026_05_14_13_21_46.csv,3,6,-0.3957082088709687,-2.4544668227219355
0.63176,94.8,-3.0071892965865854,0.0,0.0,0,0.0,0.63176,class3_2026_05_14_13_21_55.csv,3,0,-0.910714976050615,-0.8052336203440045
0.6296333333333334,94.4,-3.532606096788779,0.0,0.0,0,0.0,0.6296333333333334,class3_2026_05_14_13_22_06.csv,3,0,-0.9150130279673091,-0.7816058251296208
0.8338333333333332,125.1,-3.1727430717756078,0.0,0.0,0,0.0,0.8338333333333332,class3_2026_05_14_13_22_18.csv,3,0,-1.2566343635830248,0.3257683743559664
0.8338333333333332,125.1,-3.270000255793805,0.0,0.0,0,0.0,0.8338333333333332,class3_2026_05_14_13_22_54.csv,3,0,-1.2580989777010467,0.33232354501690065
0.8338333333333332,125.1,-3.2275979882052024,0.0,0.0,0,0.0,0.8338333333333332,class3_2026_05_14_13_23_04.csv,3,0,-1.2574604340256017,0.3294656162863928
0.8338333333333332,125.1,-5.271986463673953,0.0,0.0,0,0.0,0.8338333333333332,class3_2026_05_14_13_33_21.csv,3,0,-1.2882472623110344,0.46725816589833036
0.8338333333333332,125.1,5.0,10.07,23.56,6,0.1,0.04466666666666667,class3_2026_05_14_13_33_36.csv,3,2,8.027531427778717,1.6426232804647132
0.8338333333333332,125.1,-8.429665616456404,0.0,0.0,0,0.0,0.8338333333333332,class3_2026_05_14_13_37_00.csv,3,0,-1.3357993430548438,0.6800869244925566
0.8338333333333332,125.1,-18.58260956281393,0.0,0.0,0,0.0,0.8338333333333332,class3_2026_05_14_13_37_11.csv,3,0,-1.48869442420935,1.3643991524388221
0.8338333333333332,125.1,5.0,1.03,1.03,1,0.0,0.24674666666666667,class3_2026_05_14_13_37_53.csv,3,1,0.4269041022679814,-0.47541525748688823
0.9082866666666667,136.2,5.0,3.42,8.469999999999999,3,1.3,0.4530799999999999,class3_2026_05_14_13_38_59.csv,3,4,3.297994577101569,-0.9367582843824372
0.4530799999999999,68.0,3.183489717079883,0.0,0.0,0,0.86,0.4530799999999999,class3_2026_05_14_13_39_14.csv,3,6,-0.022845703267539822,-3.3822473508062365
0.8338333333333332,125.1,3.525545970983456,0.0,0.0,0,0.0,0.8338333333333332,class3_2026_05_14_13_39_31.csv,3,0,-1.155763576528556,-0.12569881806588992
0.8338333333333332,125.1,5.0,0.72,0.72,1,0.0,0.7785266666666666,class3_2026_05_14_13_39_43.csv,3,0,-0.374898994474891,-0.0773425732948228
0.8338333333333332,125.1,5.0,4.08,9.25,5,0.0,0.6657933333333333,class3_2026_05_14_13_39_50.csv,3,1,3.4218291141302077,0.9444385868568914
0.65728,98.6,5.0,0.0,0.0,0,0.78,0.65728,class3_2026_05_14_13_41_43.csv,3,4,-0.38820308523292973,-2.264255771759898
0.8338333333333332,125.1,-14.900464290326212,0.0,0.0,0,0.0,0.8338333333333332,class3_2026_05_14_13_42_19.csv,3,0,-1.4332443101109986,1.1162211807735831
0.25525333333333333,38.3,5.0,0.0,0.0,0,0.35,0.25525333333333333,class3_2026_05_14_13_42_29.csv,3,6,0.049559674084082864,-3.9074162037101505
0.8338333333333332,125.1,-9.70657848014549,0.0,0.0,0,0.0,0.8338333333333332,class3_2026_05_14_13_42_54.csv,3,0,-1.3550286126098106,0.7661513301724296
0.8338333333333332,125.1,-9.630291763062628,0.0,0.0,0,0.0,0.8338333333333332,class3_2026_05_14_13_43_01.csv,3,0,-1.3538797966741547,0.7610095768439866
0.8338333333333332,125.1,-7.693392726600061,0.0,0.0,0,0.0,0.8338333333333332,class3_2026_05_14_13_43_17.csv,3,0,-1.324711671947703,0.630461855714866
0.8338333333333332,125.1,-6.253199353564874,0.0,0.0,0,0.0,0.8338333333333332,class3_2026_05_14_13_43_30.csv,3,0,-1.3030235306744131,0.5333922824972644
0.8338333333333332,125.1,-10.400329740691348,0.0,0.0,0,0.0,0.8338333333333332,class3_2026_05_14_13_43_49.csv,3,0,-1.3654759425510197,0.8129104251948133
0.8338333333333332,125.1,3.2885464959769375,0.51,0.51,1,0.0,0.7125866666666666,class3_2026_05_14_13_47_19.csv,3,0,-0.38967525221245325,-0.044795113860041744
0.65728,98.6,-0.713296979713455,0.0,0.0,0,0.85,0.65728,class3_2026_05_14_13_47_32.csv,3,4,-0.4342777191162675,-1.9743738705625995
0.65728,98.6,4.601400827701773,1.7,1.7,1,0.81,0.24674666666666667,class3_2026_05_14_13_47_38.csv,3,4,1.1922841392094168,-2.2923144351304
0.8317066666666667,124.8,-16.85113748085276,6.89,17.3,6,0.22,0.49136666666666673,class3_2026_05_14_13_47_50.csv,3,2,5.618878178832181,2.7188083914378987
0.8317066666666667,124.8,4.788057445678631,6.06,19.369999999999997,6,0.0,0.24674666666666667,class3_2026_05_14_13_47_57.csv,3,2,6.252584332497968,1.4005567762201383
0.4530799999999999,68.0,-5.801504751909443,0.0,0.0,0,0.88,0.4530799999999999,class3_2026_05_14_13_48_07.csv,3,6,-0.14673442243635637,-2.803854343152152
0.4530799999999999,68.0,-0.5200023439080992,0.0,0.0,0,0.89,0.4530799999999999,class3_2026_05_14_13_48_17.csv,3,6,-0.061490293988219986,-3.1734290791389577
0.65728,98.6,5.0,1.29,1.29,1,0.82,0.24674666666666667,class3_2026_05_14_14_04_11.csv,3,4,1.058066794577974,-2.387973430443874
0.4509533333333333,67.6,5.0,0.53,0.53,1,0.25,0.24674666666666667,class3_2026_05_14_14_32_37.csv,3,6,0.5445226265517402,-2.6878863941781956
0.4530799999999999,68.0,5.0,0.52,0.52,1,0.28,0.24674666666666667,class3_2026_05_14_14_32_50.csv,3,6,0.5572413522572439,-2.7200044144078963
0.08508666666666667,12.8,-20.0,0.0,0.0,0,0.0,0.08508666666666667,class3_2026_05_14_14_33_25.csv,3,3,-0.2375343842628786,-2.6894487993389227
0.0468,7.0,0.0,1.37,1.37,1,0.12,0.036160000000000005,class3_2026_05_14_14_33_35.csv,3,6,1.1291577487962052,-4.140647524414256
0.65728,98.6,1.918959445324624,0.0,0.0,0,0.85,0.65728,class3_2026_05_14_14_33_56.csv,3,4,-0.39463807746631496,-2.15178894034538
0.65728,98.6,5.0,0.55,0.55,1,0.87,0.24674666666666667,class3_2026_05_14_14_34_08.csv,3,4,0.8232278707212356,-2.555588919675377
1.3230733333333333,198.5,-20.0,11.31,21.23,6,5.53,0.24674666666666667,class3_2026_05_14_14_34_26.csv,3,5,10.22862354258667,-1.607130011644279
0.8338333333333332,125.1,-5.523246842935568,1.46,1.46,1,0.0,0.4509533333333333,class3_2026_05_14_14_34_45.csv,3,1,0.15595270034673947,0.46062922373238036
0.8338333333333332,125.1,-11.108794663591073,0.0,0.0,0,0.0,0.8338333333333332,class3_2026_05_14_14_35_03.csv,3,0,-1.3761448482845864,0.8606612265754534
0.8338333333333332,125.1,-9.044438836193475,0.0,0.0,0,0.0,0.8338333333333332,class3_2026_05_14_14_35_14.csv,3,0,-1.3450573279132196,0.7215228699584925
0.8338333333333332,125.1,-18.88696207479617,0.0,0.0,0,0.0,0.8338333333333332,class3_2026_05_14_14_35_31.csv,3,0,-1.4932777255911918,1.3849126258368831
0.48073333333333335,72.1,5.0,3.16,3.16,1,1.18,0.46158666666666665,class3_2026_05_14_14_35_39.csv,3,4,1.7202973056313757,-3.280505182920199
0.91254,136.9,3.9777964131685355,3.39,3.39,1,1.31,0.8721199999999999,class3_2026_05_14_14_35_52.csv,3,4,1.154783606779935,-0.9820607574496464
0.8338333333333332,125.1,-13.796919485869141,0.0,0.0,0,0.0,0.8338333333333332,class3_2026_05_14_14_36_02.csv,3,0,-1.416625822574127,1.0418418472751971
0.4530799999999999,68.0,-20.0,0.0,0.0,0,0.25,0.4530799999999999,class3_2026_05_14_14_36_15.csv,3,3,-0.7202189788222975,-0.9901023284971503
0.8317066666666667,124.8,5.0,3.58,5.01,2,0.0,0.6721733333333333,class3_2026_05_14_14_36_30.csv,3,1,1.4152188218637762,0.3827100432459774
0.65728,98.6,5.0,0.0,0.0,0,0.84,0.65728,class3_2026_05_14_14_39_37.csv,3,4,-0.35394910791924283,-2.345852734849892
0.8338333333333332,125.1,-20.0,0.54,0.54,1,0.0,0.6551533333333333,class3_2026_05_14_14_40_05.csv,3,0,-0.655024288193328,1.4814004219228152
0.24887333333333336,37.3,5.0,0.0,0.0,0,0.32,0.24887333333333336,class3_2026_05_14_14_40_18.csv,3,6,0.043275579166830405,-3.901974204400646
0.65728,98.6,2.0187612517113735,0.0,0.0,0,0.82,0.65728,class3_2026_05_14_14_40_43.csv,3,4,-0.4102621320611278,-2.1177171379628423
0.04466666666666667,6.7,-20.0,0.0,0.0,0,0.0,0.04466666666666667,class3_2026_05_14_14_40_57.csv,3,3,-0.16884006373713045,-2.9134470770753786
0.08721333333333334,13.1,-20.0,3.48,6.54,2,1.07,0.04466666666666667,class3_2026_05_14_14_41_08.csv,3,3,2.9580538755677956,-3.342771381904353
0.8338333333333332,125.1,-2.279731558502682,0.0,0.0,0,0.0,0.8338333333333332,class3_2026_05_22_11_05_05.csv,3,0,-1.2431863362408906,0.26557906360450695
0.8338333333333332,125.1,-1.9826299103312182,0.0,0.0,0,0.0,0.8338333333333332,class3_2026_05_22_11_05_17.csv,3,0,-1.238712226972848,0.24555430114537202
0.4530799999999999,68.0,5.0,0.0,0.0,0,0.29,0.4530799999999999,class3_2026_05_22_11_05_50.csv,3,6,-0.3209033197694442,-2.729509675462382
0.8338333333333332,125.1,-20.0,0.0,0.0,0,0.0,0.8338333333333332,class3_2026_05_22_11_06_12.csv,3,0,-1.51003917180829,1.4599317992322194
0.8338333333333332,125.1,5.0,0.68,0.68,1,0.0,0.14039333333333334,class3_2026_05_22_11_09_21.csv,3,1,0.4406204854819659,-0.610490594603226
0.8338333333333332,125.1,-20.0,0.0,0.0,0,0.0,0.8338333333333332,class3_2026_05_22_11_09_35.csv,3,0,-1.51003917180829,1.4599317992322194
0.65728,98.6,-20.0,0.0,0.0,0,0.25,0.65728,class3_2026_05_22_11_10_02.csv,3,0,-1.0672595590142266,0.14152677377361442
